"","council","reference","date_received","date_validated","address","description","applicant","agent","status","decision","decision_date","category","search_term","url","decision_clean","address_clean","postcode","pc_lat","pc_lon","g_lat","g_lon","g_status","lat","lon","geometry"
"1","Oxford City","21/01405/FUL",NA,NA,"1 And 3 Jack Straw's Lane And 302 304 And 312 Marston Road Oxford Oxfordshire OX3 0DL","demolition of existing carpenters yard buildings, 302, 304 and 312 marston road and 1 and 3 jack straw's lane. erection of residential care home (use class c2) with associated landscaping and car parking. (amended plans)","","","decided","application withdrawn","Thu 20 Jul 2023","care home","care home","https://public.oxford.gov.uk/online-applications/applicationDetails.do?keyVal=QTCE9VMFGCZ00&activeTab=summary","withdrawn","1 And 3 Jack Straw's Lane And 302 304 And 312 Marston Road Oxford Oxfordshire OX3 0DL","OX3 0DL",51.763117,-1.232813,NA,NA,NA,51.763117,-1.232813,c(-1.232813, 51.763117)
"2","Oxford City","11/01666/FUL",NA,NA,"St Andrews Residential Care Home 184 London Road And 1 Wharton Road Headington Oxford Oxfordshire OX3 9EE","extensions and internal alterations to st andrews care home and no 1 wharton road in connection with additional care home accommodation and creation of a 3 bed flat. (st andrews nursing home, 184/186 london road and 1 wharton road).","","","decided","approved","Tue 09 Aug 2011","care home","nursing home","https://public.oxford.gov.uk/online-applications/applicationDetails.do?keyVal=LN73GYMF0OJ00&activeTab=summary","approved","St Andrews Residential Care Home 184 London Road And 1 Wharton Road Headington Oxford Oxfordshire OX3 9EE","OX3 9EE",51.761371,-1.205515,NA,NA,NA,51.761371,-1.205515,c(-1.205515, 51.761371)
"3","Oxford City","10/01999/FUL",NA,NA,"St Andrews Residential Care Home 184 London Road Headington Oxford Oxfordshire OX3 9EE","erection of a single storey building to provide laundry room (st andrews nursing home, 184/186 london road)..","","","decided","approved","Fri 24 Sep 2010","care home","nursing home","https://public.oxford.gov.uk/online-applications/applicationDetails.do?keyVal=L6IZF0MF08800&activeTab=summary","approved","St Andrews Residential Care Home 184 London Road Headington Oxford Oxfordshire OX3 9EE","OX3 9EE",51.761371,-1.205515,NA,NA,NA,51.761371,-1.205515,c(-1.205515, 51.761371)
"4","Cherwell","25/01989/F",NA,NA,"38 Brinkburn Grove
Banbury
OX16 3WY","change of use from c3 (dwelling) to c2 (care home for one child) and works to create additional parking spaces on the drive","One Brother Property Ltd","Gwynfor Humphreys & Co","application permitted","delegated","28/11/2025","care home","care home","https://planningregister.cherwell.gov.uk/Planning/Display/25/01989/F","approved","38 Brinkburn Grove Banbury OX16 3WY","OX16 3WY",52.06968,-1.319238,NA,NA,NA,52.06968,-1.319238,c(-1.319238, 52.06968)
"5","Cherwell","24/02058/F",NA,NA,"Land to the North of Anniversary Avenue
Graven Hill 
Bicester
OX25 2BF","full application for the proposed erection of a two storey building to form a 66 no. bedroom care home for older people with parking, access, landscaping and associated ground works.","LNT Care Developments","Mr Samuel Finlay","application permitted","committee","17/06/2025","care home","care home","https://planningregister.cherwell.gov.uk/Planning/Display/24/02058/F","approved","Land to the North of Anniversary Avenue Graven Hill Bicester OX25 2BF","OX25 2BF",51.883249,-1.149046,NA,NA,NA,51.883249,-1.149046,c(-1.149046, 51.883249)
"6","Cherwell","24/00825/F",NA,NA,"Prospect House
70 Oxford Road
Banbury
OX16 9AN","change of use from a guest house (c1) to a residential care home (c2)","Rosalie Care Home","Mark Bell Architects Ltd","application permitted","delegated","28/05/2024","care home","care home","https://planningregister.cherwell.gov.uk/Planning/Display/24/00825/F","approved","Prospect House 70 Oxford Road Banbury OX16 9AN","OX16 9AN",52.054167,-1.339235,NA,NA,NA,52.054167,-1.339235,c(-1.339235, 52.054167)
"7","Cherwell","24/00824/F",NA,NA,"Prospect House
70 Oxford Road
Banbury
OX16 9AN","the installation of an access ramp to the front entrance along with the removal of a window and door set to the side elevation and the addition of three new doors to the side elevation","Rosalie Care Home","Mark Bell Architects Ltd","application permitted","delegated","28/05/2024","care home","care home","https://planningregister.cherwell.gov.uk/Planning/Display/24/00824/F","approved","Prospect House 70 Oxford Road Banbury OX16 9AN","OX16 9AN",52.054167,-1.339235,NA,NA,NA,52.054167,-1.339235,c(-1.339235, 52.054167)
"8","Cherwell","23/00931/F",NA,NA,"Fewcott House
Fritwell Road
Fewcott
Bicester
OX27 7NZ","addition of conservatory to new dementia wing","Fewcott Care Home","I.C. Architects","application permitted","delegated","31/05/2023","care home","care home","https://planningregister.cherwell.gov.uk/Planning/Display/23/00931/F","approved","Fewcott House Fritwell Road Fewcott Bicester OX27 7NZ","OX27 7NZ",51.94775,-1.215977,NA,NA,NA,51.94775,-1.215977,c(-1.215977, 51.94775)
"9","Cherwell","22/03452/F",NA,NA,"OS Parcel 6920 East Of Oxford Road And Adjoining And South Of Canal Lane
Bodicote","erection of new 128-bed residential care home (use class c2) together with associated access, parking and landscaping","Mercian Developments Ltd","Barton Willmore now Stantec","application permitted","committee","14/12/2023","care home","care home","https://planningregister.cherwell.gov.uk/Planning/Display/22/03452/F","approved","OS Parcel 6920 East Of Oxford Road And Adjoining And South Of Canal Lane Bodicote",NA,NA,NA,52.0400706,-1.3226416,"ok",52.0400706,-1.3226416,c(-1.3226416, 52.0400706)
"10","Cherwell","21/01966/F",NA,NA,"Land To Rear Of Gracewell Care Home
Gardner Way
Adderbury","the erection of 18 dwellings and access road","Malvern Homes Limited","s's Address","application permitted","committee","07/01/2025","care home","care home","https://planningregister.cherwell.gov.uk/Planning/Display/21/01966/F","approved","Land To Rear Of Gracewell Care Home Gardner Way Adderbury",NA,NA,NA,52.017428,-1.315045,"ok",52.017428,-1.315045,c(-1.315045, 52.017428)
"11","Cherwell","21/00818/F",NA,NA,"The Ley Community
Sandy Lane
Yarnton
OX5 1PB","variation of condition 2 (plans) of 20/01561/f (erection of 10no dwellings (c3 use class) and care home (c2 use class), new access, parking, landscaping, demolition and other ancillary works) - minor amendments to approved drawings relating the residential phase","376 Estates","Mr Neil Perry","application permitted","delegated","04/06/2021","care home","care home","https://planningregister.cherwell.gov.uk/Planning/Display/21/00818/F","approved","The Ley Community Sandy Lane Yarnton OX5 1PB","OX5 1PB",51.814391,-1.310743,NA,NA,NA,51.814391,-1.310743,c(-1.310743, 51.814391)
"12","Cherwell","20/03043/F",NA,NA,"Fewcott House
Water Lane
Fewcott
Oxfordshire
OX27 7NX","erection of visitors cabin","Fewcott Care Home","Mr I J Coleman","application permitted","delegated","11/01/2021","care home","care home","https://planningregister.cherwell.gov.uk/Planning/Display/20/03043/F","approved","Fewcott House Water Lane Fewcott Oxfordshire OX27 7NX","OX27 7NX",51.946289,-1.215318,NA,NA,NA,51.946289,-1.215318,c(-1.215318, 51.946289)
"13","Cherwell","20/03044/F",NA,NA,"St Annes Residential Home
Main Street
Clifton
Oxfordshire
OX15 0PA","erection of visitors cabin","St Annes Care Home","Mr I J Coleman","application permitted","delegated","22/12/2020","care home","care home","https://planningregister.cherwell.gov.uk/Planning/Display/20/03044/F","approved","St Annes Residential Home Main Street Clifton Oxfordshire OX15 0PA","OX15 0PA",51.982018,-1.290295,NA,NA,NA,51.982018,-1.290295,c(-1.290295, 51.982018)
"14","Cherwell","20/02827/F",NA,NA,"Orchard House
Church Lane
Wendlebury
OX25 2PN","change from residential care home (c2) to a single-family dwelling (c3)","Mr. Sheng Yue","Dr. Jinghuan Li","application permitted","delegated","03/12/2020","care home","care home","https://planningregister.cherwell.gov.uk/Planning/Display/20/02827/F","approved","Orchard House Church Lane Wendlebury OX25 2PN","OX25 2PN",51.873021,-1.187819,NA,NA,NA,51.873021,-1.187819,c(-1.187819, 51.873021)
"15","Cherwell","20/01561/F",NA,NA,"The Ley Community
Sandy Lane
Yarnton
OX5 1PB","erection of 10no dwellings (c3 use class) and care home (c2 use class), new access, parking, landscaping, demolition and other ancillary works","376 Estates & The Ley Community","Edgars Limited","application permitted","committee","18/02/2021","care home","care home","https://planningregister.cherwell.gov.uk/Planning/Display/20/01561/F","approved","The Ley Community Sandy Lane Yarnton OX5 1PB","OX5 1PB",51.814391,-1.310743,NA,NA,NA,51.814391,-1.310743,c(-1.310743, 51.814391)
"16","Cherwell","19/00998/F",NA,NA,"Wyndham Hall
Skimmingdish Lane
Launton
Bicester
OX26 5AF","creation of eleven car parking spaces - re-submission of 19/00266/f","Maria Mallaband Care Home Group Ltd","ID Planning","application permitted","level","24/07/2019","care home","care home","https://planningregister.cherwell.gov.uk/Planning/Display/19/00998/F","approved","Wyndham Hall Skimmingdish Lane Launton Bicester OX26 5AF","OX26 5AF",51.906364,-1.129217,NA,NA,NA,51.906364,-1.129217,c(-1.129217, 51.906364)
"17","Cherwell","19/00266/F",NA,NA,"Wyndham Hall
Skimmingdish Lane
Launton
Bicester
OX26 5AF","creation of eleven car parking spaces","Maria Mallaband Care Home Group Ltd","ID Planning","application permitted","delegated","05/04/2019","care home","care home","https://planningregister.cherwell.gov.uk/Planning/Display/19/00266/F","approved","Wyndham Hall Skimmingdish Lane Launton Bicester OX26 5AF","OX26 5AF",51.906364,-1.129217,NA,NA,NA,51.906364,-1.129217,c(-1.129217, 51.906364)
"18","Cherwell","17/01428/F",NA,NA,"Part Of OS Parcels 0625 And 0914 North Of Coopers
Buckingham Road
Bicester","erection of two-storey 64 bed care home for older people (class c2 use) with associated new access (off skimmingdish lane), parking and landscaping, and new linear park/public open space","LNT Care Developments Ltd/Greenlight Developments Ltd","LNT Care Developments Ltd/Greenlight Developments","appeal allowed (against refusal)","committee","27/11/2017","care home","care home","https://planningregister.cherwell.gov.uk/Planning/Display/17/01428/F","unknown","Part Of OS Parcels 0625 And 0914 North Of Coopers Buckingham Road Bicester",NA,NA,NA,51.9129114,-1.1454213,"ok",51.9129114,-1.1454213,c(-1.1454213, 51.9129114)
"19","Cherwell","17/00802/F",NA,NA,"Land To Rear Of Gracewell Care Home
Gardner Way
Adderbury","the construction of a 36 no. bedroom specialist nursing facility (associated with dementia care and neurological rehabilitation) (use class c2) with associated access, parking, landscaping and tree planting.","Hamberley Development Ltd","UK Planning Agency Ltd","application permitted","committee","04/08/2017","care home","care home","https://planningregister.cherwell.gov.uk/Planning/Display/17/00802/F","approved","Land To Rear Of Gracewell Care Home Gardner Way Adderbury",NA,NA,NA,52.017428,-1.315045,"ok",52.017428,-1.315045,c(-1.315045, 52.017428)
"20","Cherwell","17/00032/F",NA,NA,"Argoed
164 Woodstock Road
Yarnton
Kidlington
OX5 1PW","change of use from a residential care home (class c2) to 1 no three bedroom house (class c3)","The Ley Community","Edgars Limited","application permitted","delegated","06/03/2017","care home","care home","https://planningregister.cherwell.gov.uk/Planning/Display/17/00032/F","approved","Argoed 164 Woodstock Road Yarnton Kidlington OX5 1PW","OX5 1PW",51.812918,-1.310954,NA,NA,NA,51.812918,-1.310954,c(-1.310954, 51.812918)
"21","Cherwell","15/01233/F",NA,NA,"5 Park Road
Banbury
OX16 0DW","change of use from residential property to plant room and ancillary use for care home","Greenpastures Nursing Home","Carless & Adams Partnership","application permitted","delegated","09/12/2015","care home","care home","https://planningregister.cherwell.gov.uk/Planning/Display/15/01233/F","approved","5 Park Road Banbury OX16 0DW","OX16 0DW",52.060551,-1.347382,NA,NA,NA,52.060551,-1.347382,c(-1.347382, 52.060551)
"22","Cherwell","15/00723/F",NA,NA,"The Pits
The Moors
Kidlington","development of a 70 bedroom care home, together with associated car parking, access arrangements and landscaping.","Mr Julian Burgess","AKA Planning","application permitted","committee","05/11/2015","care home","care home","https://planningregister.cherwell.gov.uk/Planning/Display/15/00723/F","approved","The Pits The Moors Kidlington",NA,NA,NA,51.8287444,-1.2911801,"ok",51.8287444,-1.2911801,c(-1.2911801, 51.8287444)
"23","Cherwell","13/01649/F",NA,NA,"Land Incorporating Former Holly House
Bath Road
Banbury","demolition of existing buildings and erection of new care home, together with alterations to access, parking provision, landscaping and associated works","Green Pastures Christian Nursing Home","Kirkby And Diamond","application permitted","committee","16/05/2014","care home","care home","https://planningregister.cherwell.gov.uk/Planning/Display/13/01649/F","approved","Land Incorporating Former Holly House Bath Road Banbury",NA,NA,NA,52.060994,-1.3450097,"ok",52.060994,-1.3450097,c(-1.3450097, 52.060994)
"24","Cherwell","13/01643/F",NA,NA,"Land Between The Leys And
North Bar Place
Banbury","demolition of an existing single storey commercial building and the redevelopment of the site to provide a 73 bedroom care home together with associated landscaping and parking provision with access from north bar place","Care Uk Community Partnerships","AKA Planning","application permitted","committee","22/08/2014","care home","care home","https://planningregister.cherwell.gov.uk/Planning/Display/13/01643/F","approved","Land Between The Leys And North Bar Place Banbury",NA,NA,NA,52.0624534,-1.3403821,"ok",52.0624534,-1.3403821,c(-1.3403821, 52.0624534)
"25","Cherwell","12/01465/F",NA,NA,"Former Winners Bargain Centres
Victoria Road
Bicester
Oxfordshire
OX26 6QD","demolition of existing structures and construction of 60 bed care home (class c2) together with ancillary accommodation, car parking facilities and landscaping","Montpelier Estates","Framptons","application refused","committee","01/02/2013","care home","care home","https://planningregister.cherwell.gov.uk/Planning/Display/12/01465/F","refused","Former Winners Bargain Centres Victoria Road Bicester Oxfordshire OX26 6QD","OX26 6QD",51.899152,-1.151129,NA,NA,NA,51.899152,-1.151129,c(-1.151129, 51.899152)
"26","Cherwell","11/00589/F",NA,NA,"95 Bicester Road
Kidlington
Oxfordshire
OX5 2LD","change of use from residential c3 to residential care home c2, three extensions with associated car and cycle parking","Choice Care Group","CSJ Planning Consultants","application permitted","delegated","07/07/2011","care home","care home","https://planningregister.cherwell.gov.uk/Planning/Display/11/00589/F","approved","95 Bicester Road Kidlington Oxfordshire OX5 2LD","OX5 2LD",51.817803,-1.276946,NA,NA,NA,51.817803,-1.276946,c(-1.276946, 51.817803)
"27","Cherwell","10/01302/F",NA,NA,"Land South Of Bernard Close Berkley Homes Site
Cassington Road
Yarnton
Oxfordshire","erection of extra care home","Berkeley Homes (Oxford & Chiltern) Ltd","s's Address","application permitted","delegated","24/11/2011","care home","care home","https://planningregister.cherwell.gov.uk/Planning/Display/10/01302/F","approved","Land South Of Bernard Close Berkley Homes Site Cassington Road Yarnton Oxfordshire",NA,NA,NA,51.8048293,-1.3114346,"ok",51.8048293,-1.3114346,c(-1.3114346, 51.8048293)
"28","Cherwell","09/01748/F",NA,NA,"Manor House Nursing Home
Merton
Bicester
Oxfordshire
OX25 2NF","new build extension to provide 50 bedrooms for specialised residential care.  proposals will function as 5 no. separate units of 10 bedrooms connected to the existing care home","Healthcare Properties (UK)","CRGP Ltd","application withdrawn","committee","20/04/2010","care home","care home","https://planningregister.cherwell.gov.uk/Planning/Display/09/01748/F","withdrawn","Manor House Nursing Home Merton Bicester Oxfordshire OX25 2NF","OX25 2NF",51.855678,-1.16227,NA,NA,NA,51.855678,-1.16227,c(-1.16227, 51.855678)
"29","Cherwell","09/01012/F",NA,NA,"Lavender House
48 Bloxham Road
Banbury
Oxfordshire
OX16 9JR","conversion of care home from shared house to 3 units (in accordance with additional plan no p3, information received 09/09/09, amended plan a102 and information received 22/09/09)","HFT","Mr Howard Edgar
5/6 Brook Business Park
Folly Brook Road
Emersons Green
Bristol
Avon
BS16 7FL","application permitted","delegated","30/09/2009","care home","care home","https://planningregister.cherwell.gov.uk/Planning/Display/09/01012/F","approved","Lavender House 48 Bloxham Road Banbury Oxfordshire OX16 9JR","OX16 9JR",52.054818,-1.344739,NA,NA,NA,52.054818,-1.344739,c(-1.344739, 52.054818)
"30","Cherwell","09/00399/F",NA,NA,"The Ridings
Calder Close
Banbury
Oxfordshire","change of use of existing daycare centre and offices to form seven new care home flats. internal alterations, removal of external doors. new windows and removal of existing canopy (as amended by drawing numbers 7206-001-203 and 7206-001-204 received 08/04/09)","Anchor Homes","Rider Lovett Bucknall","application permitted","delegated","18/05/2009","care home","care home","https://planningregister.cherwell.gov.uk/Planning/Display/09/00399/F","approved","The Ridings Calder Close Banbury Oxfordshire",NA,NA,NA,52.0678554,-1.3212528,"ok",52.0678554,-1.3212528,c(-1.3212528, 52.0678554)
"31","Cherwell","08/02066/F",NA,NA,"Formerley Neithrop County Primary Infants School
Prescott Close
Banbury
Oxfordshire
OX16 0RD","demolition of existing disused school and construction of extra care block of 40 no. flats and 60 bed care home with associated gardens and 42 car parking spaces.","Oxfordshire Care Partnership","Carless And Adams Partnership","application permitted","committee","29/12/2008","care home","care home","https://planningregister.cherwell.gov.uk/Planning/Display/08/02066/F","approved","Formerley Neithrop County Primary Infants School Prescott Close Banbury Oxfordshire OX16 0RD","OX16 0RD",52.063043,-1.357367,NA,NA,NA,52.063043,-1.357367,c(-1.357367, 52.063043)
"32","Cherwell","08/01900/F",NA,NA,"East House
Aynho Road
Adderbury
Oxfordshire","change of use from old peoples care home, 2 no. dwellings for old people and 4 no. sheltered house, to a single dwelling with ancillary accommodation (as amplified by letter dated 29/10/08 and accompanying convenant received 03/11/08)","Mr Bob Lari","Acanthus Clews Architects","application permitted","delegated","01/12/2008","care home","care home","https://planningregister.cherwell.gov.uk/Planning/Display/08/01900/F","approved","East House Aynho Road Adderbury Oxfordshire",NA,NA,NA,52.01766,-1.3019702,"ok",52.01766,-1.3019702,c(-1.3019702, 52.01766)
"33","Cherwell","08/01230/F",NA,NA,"Orchard House
Church Lane
Wendlebury
Oxfordshire
OX25 2PN","change of use from single family dwelling (c3) to a residential care home (c2)","The Aesculap Community","Michael Fowler Architects","application permitted","delegated","17/07/2008","care home","care home","https://planningregister.cherwell.gov.uk/Planning/Display/08/01230/F","approved","Orchard House Church Lane Wendlebury Oxfordshire OX25 2PN","OX25 2PN",51.873021,-1.187819,NA,NA,NA,51.873021,-1.187819,c(-1.187819, 51.873021)
"34","Cherwell","06/02097/F",NA,NA,"Town Centre House
Southam Road
Banbury
Oxfordshire
OX16 2EN","change of use and extension of existing office building into care home accommodation (as amended by plans received on 09.01.07)","Caverwood Ltd","Mr Peter Harris","application permitted","delegated","10/01/2007","care home","care home","https://planningregister.cherwell.gov.uk/Planning/Display/06/02097/F","approved","Town Centre House Southam Road Banbury Oxfordshire OX16 2EN","OX16 2EN",NA,NA,52.0675103,-1.3396207,"ok",52.0675103,-1.3396207,c(-1.3396207, 52.0675103)
"35","Cherwell","05/01880/F",NA,NA,"7-15 Warwick Road
Banbury
Oxon
OX16 2AB","erection of 23-bed care home (3 units which are comprised of respite care) to the rear and 12 no. flats to warwick road frontage.  alteration of access to highway and new 1.2m high retaining wall (as amended by plans accompanying agent's letter received in the department on 14 december 2005)","Ms Helen Dallas","Mr David Grundy","application permitted","committee","09/02/2006","care home","care home","https://planningregister.cherwell.gov.uk/Planning/Display/05/01880/F","approved","7-15 Warwick Road Banbury Oxon OX16 2AB","OX16 2AB",52.063336,-1.342032,NA,NA,NA,52.063336,-1.342032,c(-1.342032, 52.063336)
"36","Cherwell","05/01543/F",NA,NA,"Former Highway Depot And Claypits
London Road
Bicester
Oxon","two storey 60 no. place care home and 20 no. extra care apartments and land remediation work to site and land adjoining (as amended by plans received 21.11.05).","The Oxfordshire Care Partnership","Lang Daniels Paterson Ltd","application withdrawn","committee","02/12/2005","care home","care home","https://planningregister.cherwell.gov.uk/Planning/Display/05/01543/F","withdrawn","Former Highway Depot And Claypits London Road Bicester Oxon",NA,NA,NA,51.8913444,-1.1476787,"ok",51.8913444,-1.1476787,c(-1.1476787, 51.8913444)
"37","Cherwell","05/01474/F",NA,NA,"Godswell House 
Church Street
Bloxham
Banbury
Oxon
OX15 4ES","change of use from offices to a 28 no. bed residential care home including extension and associated access, parking and landscaping (as amended by plans accompanying agent's letters received in the department on 8 september 2005 and 8 november 2005)","Godswell Park Ltd","Acanthus Clews Architects","application permitted","committee","09/12/2005","care home","care home","https://planningregister.cherwell.gov.uk/Planning/Display/05/01474/F","approved","Godswell House Church Street Bloxham Banbury Oxon OX15 4ES","OX15 4ES",52.018118,-1.372962,NA,NA,NA,52.018118,-1.372962,c(-1.372962, 52.018118)
"38","Cherwell","01/02458/F",NA,NA,"Ley Community Centre 
26 Sandy Lane
Yarnton
Kidlington
Oxon
OX5 1PB","erection of upper storey to single storey residential care home","Ley Community Drug Services","Gray Baynes And Shew","application permitted","committee","15/02/2002","care home","care home","https://planningregister.cherwell.gov.uk/Planning/Display/01/02458/F","approved","Ley Community Centre 26 Sandy Lane Yarnton Kidlington Oxon OX5 1PB","OX5 1PB",51.814391,-1.310743,NA,NA,NA,51.814391,-1.310743,c(-1.310743, 51.814391)
"39","Cherwell","00/00634/F",NA,NA,"Featherton House 
Chapel Square
Deddington
Banbury
Oxon
OX15 0SG","two storey extension to existing residential care home involving the demolition of part of the garden wall.  insertion of new window at ground floor of existing building, as amended by plans received 25.5.00 and 8.6.00","Featherton House","Peter McCorkell Associates","application permitted","delegated","12/07/2000","care home","care home","https://planningregister.cherwell.gov.uk/Planning/Display/00/00634/F","approved","Featherton House Chapel Square Deddington Banbury Oxon OX15 0SG","OX15 0SG",51.980789,-1.31958,NA,NA,NA,51.980789,-1.31958,c(-1.31958, 51.980789)
"40","Cherwell","21/00972/F",NA,NA,"Heathfield House Nursing Home
Heathfield
OX5 3DX","erection of staff accommodation building (alternative scheme to that refused permission under application 20/00861/f)","Mr Rajesh Gupta","Mr Simon Sharp","application permitted","delegated","11/06/2021","care home","nursing home","https://planningregister.cherwell.gov.uk/Planning/Display/21/00972/F","approved","Heathfield House Nursing Home Heathfield OX5 3DX","OX5 3DX",51.847422,-1.242966,NA,NA,NA,51.847422,-1.242966,c(-1.242966, 51.847422)
"41","Cherwell","20/00861/F",NA,NA,"Heathfield House Nursing Home
Heathfield
OX5 3DX","erection of staff accommodation building","R.  Gupta","Mr Guy Roberts","application refused","delegated","06/07/2020","care home","nursing home","https://planningregister.cherwell.gov.uk/Planning/Display/20/00861/F","refused","Heathfield House Nursing Home Heathfield OX5 3DX","OX5 3DX",51.847422,-1.242966,NA,NA,NA,51.847422,-1.242966,c(-1.242966, 51.847422)
"42","Cherwell","18/01219/F",NA,NA,"Manor House Nursing Home
Merton
Bicester
OX25 2NF","replacement porch, tile hanging on 3 gables, vent within courtyard, rendered walls within the parking area and enlarged parking area","NSS (Merton) LLP","BHP Harwood Architects","application permitted","delegated","28/12/2018","care home","nursing home","https://planningregister.cherwell.gov.uk/Planning/Display/18/01219/F","approved","Manor House Nursing Home Merton Bicester OX25 2NF","OX25 2NF",51.855678,-1.16227,NA,NA,NA,51.855678,-1.16227,c(-1.16227, 51.855678)
"43","Cherwell","16/02190/F",NA,NA,"Heathfield House Nursing Home
Heathfield
Kidlington
OX5 3DX","change of use of the land to site 2 no containerised biomass boilers with fuel stores, ancillary equipment and pipe for connection to the property","Raw Biomass","Mid West Planning Ltd","application permitted","delegated","24/01/2017","care home","nursing home","https://planningregister.cherwell.gov.uk/Planning/Display/16/02190/F","approved","Heathfield House Nursing Home Heathfield Kidlington OX5 3DX","OX5 3DX",51.847422,-1.242966,NA,NA,NA,51.847422,-1.242966,c(-1.242966, 51.847422)
"44","Cherwell","15/01216/F",NA,NA,"Land Incorporating Former Holly House
Bath Road
Banbury","variation of condition 2 of 13/01649/f - amendment to the parking layout","Greenpastures Christian Nursing Homes - Ms Anthea Speich","Carless And Adams Partnership","application permitted","delegated","29/01/2016","care home","nursing home","https://planningregister.cherwell.gov.uk/Planning/Display/15/01216/F","approved","Land Incorporating Former Holly House Bath Road Banbury",NA,NA,NA,52.060994,-1.3450097,"ok",52.060994,-1.3450097,c(-1.3450097, 52.060994)
"45","Cherwell","15/00129/F",NA,NA,"Land Incorporating Former Holly House
Bath Road
Banbury","variation of condition 17 of 13/01649/f - change the condition from pre-commencement to pre-occupation","Green Pastures Christian Nursing Home","Carless & Adams Partnership","application withdrawn","level","16/09/2015","care home","nursing home","https://planningregister.cherwell.gov.uk/Planning/Display/15/00129/F","withdrawn","Land Incorporating Former Holly House Bath Road Banbury",NA,NA,NA,52.060994,-1.3450097,"ok",52.060994,-1.3450097,c(-1.3450097, 52.060994)
"46","Cherwell","14/01566/F",NA,NA,"Heathfield House Nursing Home
Heathfield
Kidlington
OX5 3DX","demolish existing garage and store and replace with staff annexe","Mr Raj Gupta","Mr Bryan Benham","application permitted","delegated","10/11/2014","care home","nursing home","https://planningregister.cherwell.gov.uk/Planning/Display/14/01566/F","approved","Heathfield House Nursing Home Heathfield Kidlington OX5 3DX","OX5 3DX",51.847422,-1.242966,NA,NA,NA,51.847422,-1.242966,c(-1.242966, 51.847422)
"47","Cherwell","13/00514/F",NA,NA,"Brooklands Nursing Home
11 Old Parr Road
Banbury
OX16 5HT","erection of 2 storey infill extension.  insertion of 2 no. dormer windows.  roof over central courtyard","Mr Charles Taylor","Frances Morrow Architect","application permitted","delegated","19/06/2013","care home","nursing home","https://planningregister.cherwell.gov.uk/Planning/Display/13/00514/F","approved","Brooklands Nursing Home 11 Old Parr Road Banbury OX16 5HT","OX16 5HT",52.056953,-1.337357,NA,NA,NA,52.056953,-1.337357,c(-1.337357, 52.056953)
"48","Cherwell","13/00510/F",NA,NA,"Brooklands Nursing Home
14 Dashwood Road
Banbury
OX16 5HD","glazed roof over internal courtyard; extension of day room into central courtyard, alterations to dashwood rd entrance steps and landing to incorporate a platform lift","Brooklands 1 Ltd","Frances Morrow Architect","application permitted","delegated","21/06/2013","care home","nursing home","https://planningregister.cherwell.gov.uk/Planning/Display/13/00510/F","approved","Brooklands Nursing Home 14 Dashwood Road Banbury OX16 5HD","OX16 5HD",52.058357,-1.337569,NA,NA,NA,52.058357,-1.337569,c(-1.337569, 52.058357)
"49","Cherwell","13/00317/F",NA,NA,"Land Incorporating Former Holly House
Bath Road
Banbury","replacement care facility","Green Pastures Christian Nursing Home","Carless And Adams Partnership","application withdrawn","committee","18/04/2013","care home","nursing home","https://planningregister.cherwell.gov.uk/Planning/Display/13/00317/F","withdrawn","Land Incorporating Former Holly House Bath Road Banbury",NA,NA,NA,52.060994,-1.3450097,"ok",52.060994,-1.3450097,c(-1.3450097, 52.060994)
"50","Cherwell","11/01784/F",NA,NA,"Land South East Of Heathfield Nursing Home
Heathfield
Bletchingdon","change of use to caravan park to include replacement of existing building with new (office/reception, shop, store, launderette, kitchen, toilets, showers and washing facilities) together with static mobile to house managers accommodation and new bund","Investfront Ltd","Davis Planning","application permitted","committee","23/03/2012","care home","nursing home","https://planningregister.cherwell.gov.uk/Planning/Display/11/01784/F","approved","Land South East Of Heathfield Nursing Home Heathfield Bletchingdon",NA,NA,NA,51.8545885,-1.2717642,"ok",51.8545885,-1.2717642,c(-1.2717642, 51.8545885)
"51","Cherwell","10/01055/F",NA,NA,"Wardington House Nursing Home
Wardington
Banbury
Oxfordshire
OX17 1SD","new bedroom extension to nursing home","Wardington House Partnership","Acanthus Clews Architects","application permitted","committee","08/10/2010","care home","nursing home","https://planningregister.cherwell.gov.uk/Planning/Display/10/01055/F","approved","Wardington House Nursing Home Wardington Banbury Oxfordshire OX17 1SD","OX17 1SD",52.116208,-1.285919,NA,NA,NA,52.116208,-1.285919,c(-1.285919, 52.116208)
"52","Cherwell","10/01067/F",NA,NA,"Brooklands 2 Nursing Home
11 Old Parr Road
Banbury
Oxfordshire
OX16 5HT","extension of second floor roof structure to create residents lounge at rear.","Mr Mark Taylor","Frances Morrow","application permitted","delegated","01/09/2010","care home","nursing home","https://planningregister.cherwell.gov.uk/Planning/Display/10/01067/F","approved","Brooklands 2 Nursing Home 11 Old Parr Road Banbury Oxfordshire OX16 5HT","OX16 5HT",52.056953,-1.337357,NA,NA,NA,52.056953,-1.337357,c(-1.337357, 52.056953)
"53","Cherwell","10/00131/F",NA,NA,"Yarnton House
Rutten Lane
Yarnton
Kidlington
Oxfordshire
OX5 1LW","demolition of existing building and construction of a two storey nursing home (100 bedrooms) together with associated communal space, landscaping, amenity space and parking.","Sanctuary Group","AKA Planning","application permitted","committee","30/04/2010","care home","nursing home","https://planningregister.cherwell.gov.uk/Planning/Display/10/00131/F","approved","Yarnton House Rutten Lane Yarnton Kidlington Oxfordshire OX5 1LW","OX5 1LW",51.80708,-1.31216,NA,NA,NA,51.80708,-1.31216,c(-1.31216, 51.80708)
"54","Cherwell","09/01526/F",NA,NA,"Wardington House
Wardington
Oxfordshire
OX17 1SD","proposed extension to provide internal link of existing rooms to main nursing home building, incorporating new staircase to replace existing and new hallway","Wardington House Partnership","Acanthus Clews Architects","application permitted","delegated","21/12/2009","care home","nursing home","https://planningregister.cherwell.gov.uk/Planning/Display/09/01526/F","approved","Wardington House Wardington Oxfordshire OX17 1SD","OX17 1SD",52.116208,-1.285919,NA,NA,NA,52.116208,-1.285919,c(-1.285919, 52.116208)
"55","Cherwell","09/00899/F",NA,NA,"Brooklands Nursing Home
11 Old Parr Road
Banbury
Oxfordshire
OX16 5HT","removal of 2no. velux rooflights and replacement with dormer window.","Brooklands 2 Ltd","Frances Morrow","application permitted","delegated","27/08/2009","care home","nursing home","https://planningregister.cherwell.gov.uk/Planning/Display/09/00899/F","approved","Brooklands Nursing Home 11 Old Parr Road Banbury Oxfordshire OX16 5HT","OX16 5HT",52.056953,-1.337357,NA,NA,NA,52.056953,-1.337357,c(-1.337357, 52.056953)
"56","Cherwell","08/02594/F",NA,NA,"Land Adjacent Exeter Farm And North Of Cassington Road
Cassington Road
Yarnton
Oxfordshire","erection of a nursing home (64 beds), access and ancillary works including car-park","Berkeley Homes (Oxford & Chiltern) Ltd","JPPC","application permitted","committee","29/04/2009","care home","nursing home","https://planningregister.cherwell.gov.uk/Planning/Display/08/02594/F","approved","Land Adjacent Exeter Farm And North Of Cassington Road Cassington Road Yarnton Oxfordshire",NA,NA,NA,51.8048293,-1.3114346,"ok",51.8048293,-1.3114346,c(-1.3114346, 51.8048293)
"57","Cherwell","08/02473/F",NA,NA,"Yarnton House
Rutten Lane
Yarnton
Kidlington
Oxfordshire
OX5 1LP","demolition of existing building and construction of a two storey nursing home together with associated communal space, landscaping, amenity space and parking (as amended by site layout plan - drwng no. plo3 rev f received 12.02.09 with agent's letter dated 11.02.09).","Sanctuary Group","PRP Planning","application permitted","committee","03/03/2009","care home","nursing home","https://planningregister.cherwell.gov.uk/Planning/Display/08/02473/F","approved","Yarnton House Rutten Lane Yarnton Kidlington Oxfordshire OX5 1LP","OX5 1LP",NA,NA,51.8092438,-1.3122429,"ok",51.8092438,-1.3122429,c(-1.3122429, 51.8092438)
"58","Cherwell","08/01304/F",NA,NA,"Brooklands Nursing Home
12 - 14 Dashwood Road
Banbury
Oxfordshire
OX16 5HD","boundary walls and railings (as amplified and modified by plans accompanying agents letter received in the department on 23/07/2008)","Brooklands Nursing Home","Frances Morrow","application permitted","delegated","24/07/2008","care home","nursing home","https://planningregister.cherwell.gov.uk/Planning/Display/08/01304/F","approved","Brooklands Nursing Home 12 - 14 Dashwood Road Banbury Oxfordshire OX16 5HD","OX16 5HD",52.058357,-1.337569,NA,NA,NA,52.058357,-1.337569,c(-1.337569, 52.058357)
"59","Cherwell","08/00948/F",NA,NA,"Cherwood House Nursing Home
Buckingham Road
Bicester
Oxfordshire
OX27 8RA","erection of 10 no. single storey assisted living units inconnection with main use of cherwood house, including new internal site access, car parking and landscaping.","Ellenbern Holdings Ltd","Kemp And Kemp Property Consultants","application withdrawn","committee","12/06/2008","care home","nursing home","https://planningregister.cherwell.gov.uk/Planning/Display/08/00948/F","withdrawn","Cherwood House Nursing Home Buckingham Road Bicester Oxfordshire OX27 8RA","OX27 8RA",51.922359,-1.138855,NA,NA,NA,51.922359,-1.138855,c(-1.138855, 51.922359)
"60","Cherwell","08/00708/F",NA,NA,"Manor House Nursing Home
Merton
Bicester
Oxfordshire
OX25 2NF","erection of pvcu conservatory","Mrs M Asham","Anglian Home Improvements","application permitted","delegated","08/05/2008","care home","nursing home","https://planningregister.cherwell.gov.uk/Planning/Display/08/00708/F","approved","Manor House Nursing Home Merton Bicester Oxfordshire OX25 2NF","OX25 2NF",51.855678,-1.16227,NA,NA,NA,51.855678,-1.16227,c(-1.16227, 51.855678)
"61","Cherwell","07/02446/F",NA,NA,"Fewcott House Nursing Home
Fritwell Road
Fewcott
Oxfordshire
OX27 7NZ","construction of single storey and part two storey extensions and insertion of new windows (as amended by drawing received 19/01/08 and 12/02/08)","Fewcott Healthcare Ltd","Coleman Hicks Partnership","application permitted","committee","28/03/2008","care home","nursing home","https://planningregister.cherwell.gov.uk/Planning/Display/07/02446/F","approved","Fewcott House Nursing Home Fritwell Road Fewcott Oxfordshire OX27 7NZ","OX27 7NZ",51.94775,-1.215977,NA,NA,NA,51.94775,-1.215977,c(-1.215977, 51.94775)
"62","Cherwell","07/01392/F",NA,NA,"Orchard Cottage
Fewcott House
Water Lane
Fewcott
Oxfordshire
OX27 7NX","proposed modifications to existing access drive and site entrance to form separate access to both nursing home and orchard cottage (resubmission of 06/02401/f)(as amended by drawing received 01/10/07)","Mr And Mrs Harrison","Steve Karpa Architectural Detailing","application permitted","delegated","03/01/2008","care home","nursing home","https://planningregister.cherwell.gov.uk/Planning/Display/07/01392/F","approved","Orchard Cottage Fewcott House Water Lane Fewcott Oxfordshire OX27 7NX","OX27 7NX",51.946289,-1.215318,NA,NA,NA,51.946289,-1.215318,c(-1.215318, 51.946289)
"63","Cherwell","07/01852/F",NA,NA,"Greenpastures Nursing Home
The Hawthorns
Oxford Road
Banbury
Oxfordshire
OX16 9FA","conversion of care bedroom with new attached conservatory for residents day room","Mr J Langridge","J Williamson Associates","application permitted","delegated","26/10/2007","care home","nursing home","https://planningregister.cherwell.gov.uk/Planning/Display/07/01852/F","approved","Greenpastures Nursing Home The Hawthorns Oxford Road Banbury Oxfordshire OX16 9FA","OX16 9FA",52.050074,-1.332456,NA,NA,NA,52.050074,-1.332456,c(-1.332456, 52.050074)
"64","Cherwell","07/01641/F",NA,NA,"11 Old Parr Road, 10a And 10b Calthorpe Road
Banbury
Oxon","amendments to permission 06/00328/f (two storey rear extension to nursing home, demolition of 2 no. dwellings, 6 no. outbuildings and alterations of access and parking)","Brooklands 2 Ltd","Francis Morrow Architect","application permitted","delegated","04/10/2007","care home","nursing home","https://planningregister.cherwell.gov.uk/Planning/Display/07/01641/F","approved","11 Old Parr Road, 10a And 10b Calthorpe Road Banbury Oxon",NA,NA,NA,52.0568108,-1.3380388,"ok",52.0568108,-1.3380388,c(-1.3380388, 52.0568108)
"65","Cherwell","07/01349/F",NA,NA,"Brooklands Nursing Home
Dashwood Road
Banbury
Oxfordshire
OX16 5HD","demolish existing boundary walls to dashwood road, remove steps to no.14 dashwood road and construct walled ramp and railings","Brooklands Nursing Home","N D Price","application refused","committee","21/09/2007","care home","nursing home","https://planningregister.cherwell.gov.uk/Planning/Display/07/01349/F","refused","Brooklands Nursing Home Dashwood Road Banbury Oxfordshire OX16 5HD","OX16 5HD",52.058357,-1.337569,NA,NA,NA,52.058357,-1.337569,c(-1.337569, 52.058357)
"66","Cherwell","07/01443/F",NA,NA,"Wardington House
Wardington
Oxfordshire
OX17 1SD","alterations to stable block to provide improved care facilities including enlargement of window to door opening and conversion of door to window opening.","Wardington House Nursing Home","Acanthus Clews Architects","application permitted","delegated","05/09/2007","care home","nursing home","https://planningregister.cherwell.gov.uk/Planning/Display/07/01443/F","approved","Wardington House Wardington Oxfordshire OX17 1SD","OX17 1SD",52.116208,-1.285919,NA,NA,NA,52.116208,-1.285919,c(-1.285919, 52.116208)
"67","Cherwell","06/02498/F",NA,NA,"Godswell House
Church Street
Bloxham
Oxfordshire
OX15 4ES","proposed extension to include 6 no. closecare units and 2 no. bedrooms to the approved 28 no. bed nursing home (ref: 05/01474/f)","Godswell Park Ltd","Acanthus Clews Architects","application permitted","committee","02/03/2007","care home","nursing home","https://planningregister.cherwell.gov.uk/Planning/Display/06/02498/F","approved","Godswell House Church Street Bloxham Oxfordshire OX15 4ES","OX15 4ES",52.018118,-1.372962,NA,NA,NA,52.018118,-1.372962,c(-1.372962, 52.018118)
"68","Cherwell","06/01264/F",NA,NA,"Brooklands Nursing Home
12 And 14 Dashwood Road
Banbury
Oxfordshire
OX16 5HD","amendments to planning permission 05/00434/f - extension to rear of stairwell link building and addition of lift housing to rear roof slope","Brooklands 1 Ltd","Frances Morrow","application permitted","delegated","08/08/2006","care home","nursing home","https://planningregister.cherwell.gov.uk/Planning/Display/06/01264/F","approved","Brooklands Nursing Home 12 And 14 Dashwood Road Banbury Oxfordshire OX16 5HD","OX16 5HD",52.058357,-1.337569,NA,NA,NA,52.058357,-1.337569,c(-1.337569, 52.058357)
"69","Cherwell","06/01206/F",NA,NA,"St Annes Residential Home
Main Street
Clifton
Oxfordshire
OX15 0PA","additional wing to nursing home.","Rural Care Ltd","Mr R A Sutton","application permitted","delegated","11/08/2006","care home","nursing home","https://planningregister.cherwell.gov.uk/Planning/Display/06/01206/F","approved","St Annes Residential Home Main Street Clifton Oxfordshire OX15 0PA","OX15 0PA",51.982018,-1.290295,NA,NA,NA,51.982018,-1.290295,c(-1.290295, 51.982018)
"70","Cherwell","06/00273/F",NA,NA,"St Annes Residential Home 
Clifton
Banbury
Oxon
OX15 0PA","additional wing to nursing home (additional plans received 21/03/06)","Rural Care Ltd","Mr R A Sutton","application withdrawn","delegated","30/05/2006","care home","nursing home","https://planningregister.cherwell.gov.uk/Planning/Display/06/00273/F","withdrawn","St Annes Residential Home Clifton Banbury Oxon OX15 0PA","OX15 0PA",51.982018,-1.290295,NA,NA,NA,51.982018,-1.290295,c(-1.290295, 51.982018)
"71","Cherwell","06/00328/F",NA,NA,"11 Old Parr Road, 10a And 10b Calthorpe Road
Banbury
Oxon","two storey rear extension to nursing home, demolition of 2 no. dwellings, 6 no. outbuildings and alterations of access and parking","Brooklands 2 Ltd","Francis Morrow Architect","application permitted","committee","18/04/2006","care home","nursing home","https://planningregister.cherwell.gov.uk/Planning/Display/06/00328/F","approved","11 Old Parr Road, 10a And 10b Calthorpe Road Banbury Oxon",NA,NA,NA,52.0568108,-1.3380388,"ok",52.0568108,-1.3380388,c(-1.3380388, 52.0568108)
"72","Cherwell","05/01375/F",NA,NA,"Glebefields Nursing Home
Stratford Road
Drayton
Banbury
Oxon
OX15 6EH","amendment to approved plans (ref. 04/00562/f) to alter single-storey extension to 2 no. en-suite bedrooms 34 and 35, change bedrooms to lounge adjacent to bedrooms 33 and 36. install new window to landing adjacent bedroom 27 and add new window to first floor lounge","Glebefields Nursing Home","Roger Selby","application permitted","delegated","24/10/2005","care home","nursing home","https://planningregister.cherwell.gov.uk/Planning/Display/05/01375/F","approved","Glebefields Nursing Home Stratford Road Drayton Banbury Oxon OX15 6EH","OX15 6EH",52.072942,-1.375843,NA,NA,NA,52.072942,-1.375843,c(-1.375843, 52.072942)
"73","Cherwell","05/00899/F",NA,NA,"Home Farm 
Wardington
Banbury
Oxon","1 no new dwelling including alterations to site layout and gardens etc to existing dwelling (as amended by plans received 22/06/05)","Wardington House Nursing Home Partnership","Acanthus Clews Architects","application withdrawn","delegated","23/08/2005","care home","nursing home","https://planningregister.cherwell.gov.uk/Planning/Display/05/00899/F","withdrawn","Home Farm Wardington Banbury Oxon",NA,NA,NA,52.0629009,-1.339775,"ok",52.0629009,-1.339775,c(-1.339775, 52.0629009)
"74","Cherwell","05/00709/F",NA,NA,"Vicarage Cottage
Wardington
Banbury
Oxon
OX17 1SA","demolition of existing outbuildings. rebuild to form single storey accommodation with new driveway access, together with the installation of timber access gates (retrospective) (as amended by plans received 11/05/05)","Wardington House Nursing Home Partnership","Acanthus Clews Architects","application permitted","delegated","12/08/2005","care home","nursing home","https://planningregister.cherwell.gov.uk/Planning/Display/05/00709/F","approved","Vicarage Cottage Wardington Banbury Oxon OX17 1SA","OX17 1SA",52.114755,-1.284949,NA,NA,NA,52.114755,-1.284949,c(-1.284949, 52.114755)
"75","Cherwell","05/00434/F",NA,NA,"Brooklands Nursing Home  14 Dashwood Road And
12 Dashwood Road
Banbury
Oxon
OX16 8HD","two storey rear extension and link incorporating 12 dashwood road. removal of wall and outbuilding with car parking (as amended by plans received 06/06/05)","Brooklands 1 Ltd","Frances Morrow","application permitted","committee","02/09/2005","care home","nursing home","https://planningregister.cherwell.gov.uk/Planning/Display/05/00434/F","approved","Brooklands Nursing Home 14 Dashwood Road And 12 Dashwood Road Banbury Oxon OX16 8HD","OX16 8HD",NA,NA,52.0580823,-1.3376757,"ok",52.0580823,-1.3376757,c(-1.3376757, 52.0580823)
"76","Cherwell","04/02440/F",NA,NA,"St Annes Residential Home 
Clifton
Banbury
Oxon
OX15 0PA","erection of additional wing to nursing home (revision of scheme previously approved - 04/00546/f) (as amended by drawing nos. 03/4/11b, 03/4/7 and 03/4/9b received on 7 february 2005 accompanied by agent's letter).","Rural Care Ltd","R A Sutton Dip. TP MRTPI","application permitted","committee","01/04/2005","care home","nursing home","https://planningregister.cherwell.gov.uk/Planning/Display/04/02440/F","approved","St Annes Residential Home Clifton Banbury Oxon OX15 0PA","OX15 0PA",51.982018,-1.290295,NA,NA,NA,51.982018,-1.290295,c(-1.290295, 51.982018)
"77","Cherwell","04/01653/F",NA,NA,"Manor House Nursing Home
Main Street
Merton
Bicester
Oxon","change of use of existing creche to eight bed convalescent ward.","European Care UK Ltd","Banks Design","application permitted","committee","01/10/2004","care home","nursing home","https://planningregister.cherwell.gov.uk/Planning/Display/04/01653/F","approved","Manor House Nursing Home Main Street Merton Bicester Oxon",NA,NA,NA,51.855662,-1.1623191,"ok",51.855662,-1.1623191,c(-1.1623191, 51.855662)
"78","Cherwell","04/01586/F",NA,NA,"Heathfield House Nursing Home 
Heathfield
Bletchingdon
Kidlington
Oxon
OX5 3DX","erection of first floor extension to form secondary stair enclosure.","Heathfield House Nursing Home","Richard MacAngus","application permitted","delegated","21/09/2004","care home","nursing home","https://planningregister.cherwell.gov.uk/Planning/Display/04/01586/F","approved","Heathfield House Nursing Home Heathfield Bletchingdon Kidlington Oxon OX5 3DX","OX5 3DX",51.847422,-1.242966,NA,NA,NA,51.847422,-1.242966,c(-1.242966, 51.847422)
"79","Cherwell","03/01169/F",NA,NA,"Manor House Nursing Home
Main Street
Merton
Bicester
Oxon","erection of five units of close care accommodation, access and car parking (as amended by plans received 29.03.04).","Mr R Sidhu","Dan Templeton","application permitted","committee","19/07/2004","care home","nursing home","https://planningregister.cherwell.gov.uk/Planning/Display/03/01169/F","approved","Manor House Nursing Home Main Street Merton Bicester Oxon",NA,NA,NA,51.855662,-1.1623191,"ok",51.855662,-1.1623191,c(-1.1623191, 51.855662)
"80","Cherwell","04/00562/F",NA,NA,"Glebefields Nursing Home
Drayton
Banbury
Oxon
OX15 6EH","single and two storey extensions to rear and sides housing 32 no bedrooms, dining rooms, kitchen and ancillary rooms. amendment to approval 99/00484/f (as amended by plans accompanying agent's letter received in the department on 30 june 2004).","Glebefields Nursing Home","Mr R Selby","application permitted","committee","23/07/2004","care home","nursing home","https://planningregister.cherwell.gov.uk/Planning/Display/04/00562/F","approved","Glebefields Nursing Home Drayton Banbury Oxon OX15 6EH","OX15 6EH",52.072942,-1.375843,NA,NA,NA,52.072942,-1.375843,c(-1.375843, 52.072942)
"81","Cherwell","03/00664/F",NA,NA,"Glebefields 
Drayton
Banbury
Oxon
OX15 6EH","erection of two storey extension to nursing home","Glebefields","Roger Selby","application permitted","delegated","06/06/2003","care home","nursing home","https://planningregister.cherwell.gov.uk/Planning/Display/03/00664/F","approved","Glebefields Drayton Banbury Oxon OX15 6EH","OX15 6EH",52.072942,-1.375843,NA,NA,NA,52.072942,-1.375843,c(-1.375843, 52.072942)
"82","Cherwell","02/02563/F",NA,NA,"Heathfield House Nursing Home 
Heathfield
Bletchingdon
Kidlington
Oxon
OX5 3DX","single and two storey extensions to provide 14 no. additional bedrooms, office and reception area and new laundry facility (as amended by plans received 10.03.03 showing internal layout).","Heathfield House Nursing Home","Carl A Middleditch Richard MacAngus","application permitted","committee","01/07/2003","care home","nursing home","https://planningregister.cherwell.gov.uk/Planning/Display/02/02563/F","approved","Heathfield House Nursing Home Heathfield Bletchingdon Kidlington Oxon OX5 3DX","OX5 3DX",51.847422,-1.242966,NA,NA,NA,51.847422,-1.242966,c(-1.242966, 51.847422)
"83","Cherwell","01/02441/F",NA,NA,"Green Pastures Nursing Home 
The Hawthorns 
Banbury
Oxon
OX16 9FA","two storey extension to existing premises","Green Pastures Nursing Home","Ademola Oshodi","application permitted","committee","01/03/2002","care home","nursing home","https://planningregister.cherwell.gov.uk/Planning/Display/01/02441/F","approved","Green Pastures Nursing Home The Hawthorns Banbury Oxon OX16 9FA","OX16 9FA",52.050074,-1.332456,NA,NA,NA,52.050074,-1.332456,c(-1.332456, 52.050074)
"84","Cherwell","01/02013/F",NA,NA,"St Annes Residential Home 
Clifton
Banbury
Oxon
OX15 0PA","erection of a small timber summer house","St Annes Nursing Home","P T Reeves","application permitted","delegated","30/11/2001","care home","nursing home","https://planningregister.cherwell.gov.uk/Planning/Display/01/02013/F","approved","St Annes Residential Home Clifton Banbury Oxon OX15 0PA","OX15 0PA",51.982018,-1.290295,NA,NA,NA,51.982018,-1.290295,c(-1.290295, 51.982018)
"85","Cherwell","99/01520/F",NA,NA,"5 Heathfield
Bletchingdon
Kidlington
Oxon
OX5 3DX","two storey side extension (as amended by revised plans received 21.10.99)","Heathfield Nursing Homes","Carl A Middleditch","application permitted","committee","24/01/2000","care home","nursing home","https://planningregister.cherwell.gov.uk/Planning/Display/99/01520/F","approved","5 Heathfield Bletchingdon Kidlington Oxon OX5 3DX","OX5 3DX",51.847422,-1.242966,NA,NA,NA,51.847422,-1.242966,c(-1.242966, 51.847422)
"86","Cherwell","99/01068/F",NA,NA,"Fewcott House 
Fritwell Road
Fewcott
Bicester
Oxon
OX6 9NZ","construction of new section of access drive to nursing home and improvement of existing","W R Good","Brian Cornley","application permitted","committee","02/08/1999","care home","nursing home","https://planningregister.cherwell.gov.uk/Planning/Display/99/01068/F","approved","Fewcott House Fritwell Road Fewcott Bicester Oxon OX6 9NZ","OX6 9NZ",NA,NA,51.9590769,-1.2461295,"ok",51.9590769,-1.2461295,c(-1.2461295, 51.9590769)
"87","Cherwell","99/01008/F",NA,NA,"Green Pastures Nursing Home 
The Hawthorns 
Banbury
Oxon
OX16 9FA","two storey extension at rear to from storeroom and extend bedroom","Green Pastures Ltd","s's Address","application refused","committee","16/07/1999","care home","nursing home","https://planningregister.cherwell.gov.uk/Planning/Display/99/01008/F","refused","Green Pastures Nursing Home The Hawthorns Banbury Oxon OX16 9FA","OX16 9FA",52.050074,-1.332456,NA,NA,NA,52.050074,-1.332456,c(-1.332456, 52.050074)
"88","Cherwell","99/00484/F",NA,NA,"Glebefields 
Drayton
Banbury
Oxon
OX15 6EH","erection of two storey extension to provide additional bedrooms and lounges for residents including new lift (as amended by agent's letter received in the department on 19.5.99 and plans accompanying agent's letter received 28.5.99)","Glebefields Nursing Home","Roger Selby","application permitted","committee","21/06/1999","care home","nursing home","https://planningregister.cherwell.gov.uk/Planning/Display/99/00484/F","approved","Glebefields Drayton Banbury Oxon OX15 6EH","OX15 6EH",52.072942,-1.375843,NA,NA,NA,52.072942,-1.375843,c(-1.375843, 52.072942)
"89","Cherwell","97/02153/F",NA,NA,"Manor House 
Main Street
Merton
Bicester
Oxon
OX25 2NF","variation of condition 2 of outline planning permission chs.649/94, that in the case of any reserved matter, application shall be made not later than the expiration of five years beginning with the date of this permission","The Manor House Nursing Home","Robert Turley Associates Ltd","application permitted","level","15/04/1998","care home","nursing home","https://planningregister.cherwell.gov.uk/Planning/Display/97/02153/F","approved","Manor House Main Street Merton Bicester Oxon OX25 2NF","OX25 2NF",51.855678,-1.16227,NA,NA,NA,51.855678,-1.16227,c(-1.16227, 51.855678)
"90","Cherwell","97/01624/F",NA,NA,"Manor House 
Main Street
Merton
Bicester
Oxon
OX25 2NF","extensions and alterations (internal and external) to existing nursing home to provide additional bedrooms, creche, ancillary facilities and new porch","The Manor House Nursing Home","Robert Turley Associates Ltd","application permitted","level","11/09/1998","care home","nursing home","https://planningregister.cherwell.gov.uk/Planning/Display/97/01624/F","approved","Manor House Main Street Merton Bicester Oxon OX25 2NF","OX25 2NF",51.855678,-1.16227,NA,NA,NA,51.855678,-1.16227,c(-1.16227, 51.855678)
"91","Cherwell","97/01082/F",NA,NA,"Manor House 
Main Street
Merton
Bicester
Oxon
OX25 2NF","temporary building to provide creche facilities","The Manor House Nursing Home","Banks Design Architects","application permitted","level","28/07/1997","care home","nursing home","https://planningregister.cherwell.gov.uk/Planning/Display/97/01082/F","approved","Manor House Main Street Merton Bicester Oxon OX25 2NF","OX25 2NF",51.855678,-1.16227,NA,NA,NA,51.855678,-1.16227,c(-1.16227, 51.855678)
"92","Cherwell","97/00964/F",NA,NA,"Cherwood House 
Buckingham Road
Bicester
Oxon
OX6 9RA","proposed entrance canopy","Cherwood Nursing Home","Dick Wise And Co Ltd","application permitted","level","18/07/1997","care home","nursing home","https://planningregister.cherwell.gov.uk/Planning/Display/97/00964/F","approved","Cherwood House Buckingham Road Bicester Oxon OX6 9RA","OX6 9RA",NA,NA,51.9082405,-1.1495523,"ok",51.9082405,-1.1495523,c(-1.1495523, 51.9082405)
"93","Cherwell","97/00734/F",NA,NA,"Heathfield House Nursing Home 
Heathfield
Bletchingdon
Kidlington
Oxon
OX5 3DX","1conservatory to use as extension to day room","Heathfield Nursing Home","Carl A Middleditch","application permitted","level","19/06/1997","care home","nursing home","https://planningregister.cherwell.gov.uk/Planning/Display/97/00734/F","approved","Heathfield House Nursing Home Heathfield Bletchingdon Kidlington Oxon OX5 3DX","OX5 3DX",51.847422,-1.242966,NA,NA,NA,51.847422,-1.242966,c(-1.242966, 51.847422)
"94","Cherwell","97/00243/F",NA,NA,"Manor House 
Main Street
Merton
Bicester
Oxon
OX25 2NF","extension to existing nursing home facilities.","The Manor House Nursing Home","Banks Design Architects","application refused","level","01/04/1997","care home","nursing home","https://planningregister.cherwell.gov.uk/Planning/Display/97/00243/F","refused","Manor House Main Street Merton Bicester Oxon OX25 2NF","OX25 2NF",51.855678,-1.16227,NA,NA,NA,51.855678,-1.16227,c(-1.16227, 51.855678)
"95","Cherwell","96/00843/F",NA,NA,"Green Pastures Nursing Home 
The Hawthorns 
Banbury
Oxon
OX16 9FA","additional car park spaces involving the felling of a yew tree which is the subject of tree preservation order tpo 12/87.","Green Pastures Nursing Home","s's Address","application permitted","level","07/08/1996","care home","nursing home","https://planningregister.cherwell.gov.uk/Planning/Display/96/00843/F","approved","Green Pastures Nursing Home The Hawthorns Banbury Oxon OX16 9FA","OX16 9FA",52.050074,-1.332456,NA,NA,NA,52.050074,-1.332456,c(-1.332456, 52.050074)
"96","West Oxfordshire","23/01182/FUL",NA,NA,"Churchfields Care Home Pound Lane Cassington Witney Oxfordshire OX29 4BN","erection of a two storey detached key worker nurses accommodation block and associated works","","","decided","refuse","Tue 13 Feb 2024","care home","care home","https://publicaccess.westoxon.gov.uk/online-applications/applicationDetails.do?keyVal=RTMKDORKJXI00&activeTab=summary","refused","Churchfields Care Home Pound Lane Cassington Witney Oxfordshire OX29 4BN","OX29 4BN",51.792087,-1.342822,NA,NA,NA,51.792087,-1.342822,c(-1.342822, 51.792087)
"97","West Oxfordshire","24/01724/FUL",NA,NA,"The Langston Nursing Home Station Road Kingham Chipping Norton Oxfordshire OX7 6UP","replacement of existing window on front elevation with new timber window to match existing unit in design, materials, and appearance.","","","decided","approve","Sat 28 Sep 2024","care home","nursing home","https://publicaccess.westoxon.gov.uk/online-applications/applicationDetails.do?keyVal=SFSOWJRK0IA00&activeTab=summary","approved","The Langston Nursing Home Station Road Kingham Chipping Norton Oxfordshire OX7 6UP","OX7 6UP",51.902537,-1.626547,NA,NA,NA,51.902537,-1.626547,c(-1.626547, 51.902537)
"98","West Oxfordshire","24/01620/FUL",NA,NA,"The Langston Nursing Home Station Road Kingham Chipping Norton Oxfordshire OX7 6UP","raise ground levels to form new raised patio, replace hardstanding, extend gravel parking area, and erect fencing with new gates.","","","decided","approve","Tue 20 Aug 2024","care home","nursing home","https://publicaccess.westoxon.gov.uk/online-applications/applicationDetails.do?keyVal=SF81D1RKIXF00&activeTab=summary","approved","The Langston Nursing Home Station Road Kingham Chipping Norton Oxfordshire OX7 6UP","OX7 6UP",51.902537,-1.626547,NA,NA,NA,51.902537,-1.626547,c(-1.626547, 51.902537)
"99","West Oxfordshire","23/02901/FUL",NA,NA,"Newland Nursing Home 50 Newland Witney Oxfordshire OX28 3JG","erection of rear orangery","","","decided","approve","Wed 31 Jan 2024","care home","nursing home","https://publicaccess.westoxon.gov.uk/online-applications/applicationDetails.do?keyVal=S3ECC4RKMZE00&activeTab=summary","approved","Newland Nursing Home 50 Newland Witney Oxfordshire OX28 3JG","OX28 3JG",51.78898,-1.47615,NA,NA,NA,51.78898,-1.47615,c(-1.47615, 51.78898)
"100","Vale of White Horse","P13/V0143/FUL",NA,NA,"Land North of Health Centre Mably Way Wantage (In the parish of Grove) OX12 9BN","erection of two storey 60 bed residential nursing/care home (class c2)with private gardens, associated vehicle parking and servicing area.","Ashley House Plc","BHP Harwood","","refusal of planning permission | appeal: appeal dismissed on 26 november 2013","9th May 2013","care home","care home","https://data.whitehorsedc.gov.uk/java/support/Main.jsp?MODULE=ApplicationDetails&REF=P13/V0143/FUL","refused","Land North of Health Centre Mably Way Wantage (In the parish of Grove) OX12 9BN","OX12 9BN",51.598764,-1.425831,NA,NA,NA,51.598764,-1.425831,c(-1.425831, 51.598764)
"101","Vale of White Horse","P13/V1735/FUL",NA,NA,"Crown Nursing Home High Street Harwell Didcot OX11 0EX","infill of corner under existing roof to create space inside for wc. removal of existing canopy and projecting windows into courtyard, with replacement windows and infill timber cladding.(as amended by drawings received 26 september 2013: removal of window on north facing elevation and new window in west facing elevation)","Mr David Roth","James Boon","","planning permission","24th October 2013","care home","nursing home","https://data.whitehorsedc.gov.uk/java/support/Main.jsp?MODULE=ApplicationDetails&REF=P13/V1735/FUL","approved","Crown Nursing Home High Street Harwell Didcot OX11 0EX","OX11 0EX",51.598758,-1.292658,NA,NA,NA,51.598758,-1.292658,c(-1.292658, 51.598758)
"102","Vale of White Horse","P15/V0712/FUL",NA,NA,"Land at Southmoor House Faringdon Road Kingston Bagpuize with Southmoor OX13 5AA","proposed demolition of existing building (previously used as a care home) and the construction of 10 ""age restricted"" dwellings (including 1 bungalow) with access, car parking and other facilities","Blue Cedar Homes","allen planning ltd","","refusal of planning permission | appeal: appeal allowed on 19 may 2016","16th September 2015","care home","care home","https://data.whitehorsedc.gov.uk/java/support/Main.jsp?MODULE=ApplicationDetails&REF=P15/V0712/FUL","refused","Land at Southmoor House Faringdon Road Kingston Bagpuize with Southmoor OX13 5AA","OX13 5AA",51.680354,-1.420316,NA,NA,NA,51.680354,-1.420316,c(-1.420316, 51.680354)
"103","Vale of White Horse","P15/V1671/FUL",NA,NA,"Chawley Park & 195/195A Cumnor Hill Oxford OX2 9GG","70 bed care home, associated car parking, external works and landscaping

(as amended by plans; planning statement addendum; arboricultural method statement; flood risk assessment and contamination report received 20th november 2015.)
(bat mitigation plan received 3 december 2015.)
(as amended by plans received 7 january 2016 for minor design changes)
(as amplified by additional information (sewer impact study) received 25 may 2016.)","Frontier Estates Ltd, Hamberle","Kemp and Kemp LLP","","planning permission","2nd December 2016","care home","care home","https://data.whitehorsedc.gov.uk/java/support/Main.jsp?MODULE=ApplicationDetails&REF=P15/V1671/FUL","approved","Chawley Park & 195/195A Cumnor Hill Oxford OX2 9GG","OX2 9GG",51.735725,-1.318384,NA,NA,NA,51.735725,-1.318384,c(-1.318384, 51.735725)
"104","Vale of White Horse","P15/V2905/FUL",NA,NA,"Southmoor House Faringdon Road Southmoor Abingdon OX13 5AA","proposed demolition of existing building (previously used as a care home) and the construction of 10 "" specialist homes designed for older people ""  (including 1 bungalow) with access, car parking and other facilities.

(6 july 2016 - amended plans received)","Blue Cedar Homes","Allen Planning Ltd","","planning permission","4th August 2016","care home","care home","https://data.whitehorsedc.gov.uk/java/support/Main.jsp?MODULE=ApplicationDetails&REF=P15/V2905/FUL","approved","Southmoor House Faringdon Road Southmoor Abingdon OX13 5AA","OX13 5AA",51.680354,-1.420316,NA,NA,NA,51.680354,-1.420316,c(-1.420316, 51.680354)
"105","Vale of White Horse","P16/V0262/FUL",NA,NA,"Framland Naldertown Wantage OX12 9DL","additional link and minor internal alteration to framland care home.","Mr Steve Mayo","Mr John Ghaw","","planning permission","23rd March 2016","care home","care home","https://data.whitehorsedc.gov.uk/java/support/Main.jsp?MODULE=ApplicationDetails&REF=P16/V0262/FUL","approved","Framland Naldertown Wantage OX12 9DL","OX12 9DL",51.590557,-1.437396,NA,NA,NA,51.590557,-1.437396,c(-1.437396, 51.590557)
"106","Vale of White Horse","P16/V1239/FUL",NA,NA,"Orchard House High Street Harwell DIDCOT OX11 0EX","extension of existing care home to provide additional bedrooms and dedicated therapy room.","Riaan Basson","James Boon","","withdrawn prior to determination","14th July 2016","care home","care home","https://data.whitehorsedc.gov.uk/java/support/Main.jsp?MODULE=ApplicationDetails&REF=P16/V1239/FUL","withdrawn","Orchard House High Street Harwell DIDCOT OX11 0EX","OX11 0EX",51.598758,-1.292658,NA,NA,NA,51.598758,-1.292658,c(-1.292658, 51.598758)
"107","Vale of White Horse","P16/V2359/FUL",NA,NA,"Orchard House High Street Harwell DIDCOT OX11 0EX","extension of existing care home to provide additional bedrooms and dedicated therapy room. demolition of two small existing extensions to facilitate new extension. (revised travel plan statement and addendum provided 3 january 2017).  (additional information technical note, received 17 march 2017).","Christchurch Group","Lathams","","planning permission","24th August 2017","care home","care home","https://data.whitehorsedc.gov.uk/java/support/Main.jsp?MODULE=ApplicationDetails&REF=P16/V2359/FUL","approved","Orchard House High Street Harwell DIDCOT OX11 0EX","OX11 0EX",51.598758,-1.292658,NA,NA,NA,51.598758,-1.292658,c(-1.292658, 51.598758)
"108","Vale of White Horse","P17/V0813/FUL",NA,NA,"Land at Grove Road Wantage","erection of a 65 bed care home and 50 extra care units (both within use class c2), parking, landscaping, access and other associated works (as amended by drawings and information accompanying letter from agent of 11 june 2017 and clarified by biodiversity assessment calculator accompanying email from agent of 26 june 2017).","Frontier Estate (Berks) Limited, Norma Rayne, Valerie Page,","Anne Gillings","","planning permission","27th October 2017","care home","care home","https://data.whitehorsedc.gov.uk/java/support/Main.jsp?MODULE=ApplicationDetails&REF=P17/V0813/FUL","approved","Land at Grove Road Wantage",NA,NA,NA,51.5958165,-1.4226044,"ok",51.5958165,-1.4226044,c(-1.4226044, 51.5958165)
"109","Vale of White Horse","P16/V3219/FUL",NA,NA,"Abingdon Court Care Home Marcham Road ABINGDON OX14 1AD","proposed biomass boiler & cabin.  ecology report submitted 24 april 2017","RSG ltd","White Rose Architectural Ltd","","planning permission","15th May 2017","care home","care home","https://data.whitehorsedc.gov.uk/java/support/Main.jsp?MODULE=ApplicationDetails&REF=P16/V3219/FUL","approved","Abingdon Court Care Home Marcham Road ABINGDON OX14 1AD","OX14 1AD",51.669639,-1.298742,NA,NA,NA,51.669639,-1.298742,c(-1.298742, 51.669639)
"110","Vale of White Horse","P17/V1107/FUL",NA,NA,"Cumnor Hill House Breeches End Cumnor Hill OXFORD OX2 9FW","erection of a 75 bed care home with associated landscaping and car parking - retrospective application following previous approved scheme p14/v0695/rm","Active Lives Care Ltd","Mr mike hay","","planning permission","12th July 2017","care home","care home","https://data.whitehorsedc.gov.uk/java/support/Main.jsp?MODULE=ApplicationDetails&REF=P17/V1107/FUL","approved","Cumnor Hill House Breeches End Cumnor Hill OXFORD OX2 9FW","OX2 9FW",51.742965,-1.310918,NA,NA,NA,51.742965,-1.310918,c(-1.310918, 51.742965)
"111","Vale of White Horse","P18/V1562/FUL",NA,NA,"Shrublands Faringdon Road Cumnor Oxford OX2 9QY","temporary permission for three years for a portable cabin to be used as a training and meeting room, ancillary to the care home.","Ms Jane Quartermain","Smith Jenkins Ltd","","planning permission","8th August 2018","care home","care home","https://data.whitehorsedc.gov.uk/java/support/Main.jsp?MODULE=ApplicationDetails&REF=P18/V1562/FUL","approved","Shrublands Faringdon Road Cumnor Oxford OX2 9QY","OX2 9QY",51.718993,-1.332548,NA,NA,NA,51.718993,-1.332548,c(-1.332548, 51.718993)
"112","Vale of White Horse","P18/V1597/FUL",NA,NA,"Shrublands Faringdon Road Cumnor Oxford OX2 9QY","retrospective permission for the replacement of timber building with new timber building used as ancillary manager's accommodation for shrublands care home.","Ms Quartermain","Smith Jenkins Ltd","","planning permission","8th August 2018","care home","care home","https://data.whitehorsedc.gov.uk/java/support/Main.jsp?MODULE=ApplicationDetails&REF=P18/V1597/FUL","approved","Shrublands Faringdon Road Cumnor Oxford OX2 9QY","OX2 9QY",51.718993,-1.332548,NA,NA,NA,51.718993,-1.332548,c(-1.332548, 51.718993)
"113","Vale of White Horse","P19/V0403/FUL",NA,NA,"Land at Alma Barn Didcot Road Harwell OX11 6DN","construction of an 85-bed care home (use class c2) with associated car parking, access and landscaping (as per amended plans submitted 23 july 2019).","Merbuild Developments Ltd","Simply Planning Limited","","planning permission","13th September 2019","care home","care home","https://data.whitehorsedc.gov.uk/java/support/Main.jsp?MODULE=ApplicationDetails&REF=P19/V0403/FUL","approved","Land at Alma Barn Didcot Road Harwell OX11 6DN","OX11 6DN",51.602686,-1.276151,NA,NA,NA,51.602686,-1.276151,c(-1.276151, 51.602686)
"114","Vale of White Horse","P19/V0006/FUL",NA,NA,"Land Off Grove Road Wantage OX12 7DR","variation of conditions 5 (hard & soft landscaping), 9 (noise mitigation) and 12 (biodiversity enhancement plan) of application p17/v0813/ful

erection of a 65 bed care home and 50 extra care units (both within use class c2), parking, landscaping, access and other associated works (as amended by drawings and information accompanying letter from agent of 11 june 2017 and clarified by biodiversity assessment calculator accompanying email from agent of 26 june 2017).","Oakland Care","ADG Architects","","withdrawn prior to determination","28th March 2019","care home","care home","https://data.whitehorsedc.gov.uk/java/support/Main.jsp?MODULE=ApplicationDetails&REF=P19/V0006/FUL","withdrawn","Land Off Grove Road Wantage OX12 7DR","OX12 7DR",51.593399,-1.422636,NA,NA,NA,51.593399,-1.422636,c(-1.422636, 51.593399)
"115","Vale of White Horse","P19/V2127/FUL",NA,NA,"Land off Grove Road Wantage OX12 7DR","variation of condition 2 (drawings - minor amendments to make roof details work) on application ref. p17/v0813/ful erection of a 65 bed care home and 50 extra care units (both within use class c2), parking, landscaping, access and other associated works. (additional information received 18 november 2019,17 december 2019 and 29 january 2020).

(erection of a 65 bed care home and 50 extra care units (both within use class c2), parking, landscaping, access and other associated works).","Oakland Care","ADG Architects","","planning permission","6th March 2020","care home","care home","https://data.whitehorsedc.gov.uk/java/support/Main.jsp?MODULE=ApplicationDetails&REF=P19/V2127/FUL","approved","Land off Grove Road Wantage OX12 7DR","OX12 7DR",51.593399,-1.422636,NA,NA,NA,51.593399,-1.422636,c(-1.422636, 51.593399)
"116","Vale of White Horse","P19/V1993/FUL",NA,NA,"The Knowl 52 Stert Street Abingdon OX14 3JU","change of use from residential care home to hmo including internal alterations to partitions. (amended plans received 14 october 2019 re-configuring internal layout, amended bin storage and car parking)","Flamsteed","3bd Architects","","planning permission","4th December 2019","care home","care home","https://data.whitehorsedc.gov.uk/java/support/Main.jsp?MODULE=ApplicationDetails&REF=P19/V1993/FUL","approved","The Knowl 52 Stert Street Abingdon OX14 3JU","OX14 3JU",51.672353,-1.281983,NA,NA,NA,51.672353,-1.281983,c(-1.281983, 51.672353)
"117","Vale of White Horse","P20/V0989/FUL",NA,NA,"Land off Grove Road Wantage OX12 7DR","variation of condition 1 (approved plans) of application p19/v2127/ful-update the site plan drawings to show the accurate position of the proposed sub-station. amended plans received 10 june 2020, and additional plans to update sub-station position on plans received 4 september 2020.

variation of condition 2 (drawings - minor amendments to make roof details work) on application ref. p17/v0813/ful erection of a 65 bed care home and 50 extra care units (both within use class c2), parking, landscaping, access and other associated works. (additional information received 18 november 2019,17 december 2019 and 29 january 2020).","Oakland Care","ADG Architects","","planning permission","24th September 2020","care home","care home","https://data.whitehorsedc.gov.uk/java/support/Main.jsp?MODULE=ApplicationDetails&REF=P20/V0989/FUL","approved","Land off Grove Road Wantage OX12 7DR","OX12 7DR",51.593399,-1.422636,NA,NA,NA,51.593399,-1.422636,c(-1.422636, 51.593399)
"118","Vale of White Horse","P21/V0690/FUL",NA,NA,"Knowl House 52 Stert Street Abingdon OX14 3JU","removal/or rewording of condition 4(railings) to allow occupation prior to installation on application refs p19/v1993/ful and p19/v1994/lb.

(change of use from residential care home to hmo including internal alterations to partitions).","3bd Architects","3bd Architects","","planning permission","13th May 2021","care home","care home","https://data.whitehorsedc.gov.uk/java/support/Main.jsp?MODULE=ApplicationDetails&REF=P21/V0690/FUL","approved","Knowl House 52 Stert Street Abingdon OX14 3JU","OX14 3JU",51.672353,-1.281983,NA,NA,NA,51.672353,-1.281983,c(-1.281983, 51.672353)
"119","Vale of White Horse","P21/V0261/FUL",NA,NA,"Land off Grove Road Grove Road Wantage OX12 7DR","minor material amendment to p20/v0989/ful. amended deliveries document submitted 26 march 2021.

variation of condition 1 (approved plans) of application p19/v2127/ful-update the site plan drawings to show the accurate position of the proposed sub-station. amended plans received 10 june 2020, and additional plans to update sub-station position on plans received 4 september 2020. variation of condition 2 (drawings - minor amendments to make roof details work) on application ref. p17/v0813/ful erection of a care home and extra care units (both within use class c2), parking, landscaping, access and other associated works.","- - -","Gillings Planning Ltd","","planning permission","27th April 2021","care home","care home","https://data.whitehorsedc.gov.uk/java/support/Main.jsp?MODULE=ApplicationDetails&REF=P21/V0261/FUL","approved","Land off Grove Road Grove Road Wantage OX12 7DR","OX12 7DR",51.593399,-1.422636,NA,NA,NA,51.593399,-1.422636,c(-1.422636, 51.593399)
"120","Vale of White Horse","P21/V1456/FUL",NA,NA,"Land off Grove Road Grove Road Wantage OX12 7DR","variation of conditions -  1 (approved plans), 13 (landscaping scheme) & 22 (quantum of development of extra care building) on application p21/v0261/ful. 

(minor material amendment to p20/v0989/ful. amended deliveries document submitted 26 march 2021.
variation of condition 1 (approved plans) of application p19/v2127/ful-update the site plan drawings to show the accurate position of the proposed sub-station. amended plans received 10 june 2020, and additional plans to update sub-station position on plans received 4 september 2020. variation of condition 2 (drawings - minor amendments to make roof details work) on application ref. p17/v0813/ful erection of a care home and extra care units (both within use class c2), parking, landscaping, access and other associated works.)","Sequoia Living Wantage Ltd","Gillings Planning Ltd","","planning permission","15th September 2021","care home","care home","https://data.whitehorsedc.gov.uk/java/support/Main.jsp?MODULE=ApplicationDetails&REF=P21/V1456/FUL","approved","Land off Grove Road Grove Road Wantage OX12 7DR","OX12 7DR",51.593399,-1.422636,NA,NA,NA,51.593399,-1.422636,c(-1.422636, 51.593399)
"121","Vale of White Horse","P22/V0808/FUL",NA,NA,"Wayside Townsend Road Shrivenham Swindon SN6 8HR","proposed erection of a new care home (c2 use class) & repositioned vehicular access from townsend road","Fidelia Wayside Property Limit","Carless & Adams Ltd","","withdrawn prior to determination","27th June 2022","care home","care home","https://data.whitehorsedc.gov.uk/java/support/Main.jsp?MODULE=ApplicationDetails&REF=P22/V0808/FUL","withdrawn","Wayside Townsend Road Shrivenham Swindon SN6 8HR","SN6 8HR",51.595344,-1.663962,NA,NA,NA,51.595344,-1.663962,c(-1.663962, 51.595344)
"122","Vale of White Horse","P22/V3010/FUL",NA,NA,"Wayside Townsend Road Shrivenham Swindon SN6 8HR","proposed erection of a new care home (c2 use class) and repositioned vehicular access from townsend road.","Fidelia Property Ltd.","Carless & Adams Ltd","","withdrawn prior to determination","18th August 2023","care home","care home","https://data.whitehorsedc.gov.uk/java/support/Main.jsp?MODULE=ApplicationDetails&REF=P22/V3010/FUL","withdrawn","Wayside Townsend Road Shrivenham Swindon SN6 8HR","SN6 8HR",51.595344,-1.663962,NA,NA,NA,51.595344,-1.663962,c(-1.663962, 51.595344)
"123","Vale of White Horse","P23/V2773/FUL",NA,NA,"128 Kennington Road Kennington Oxford OX1 5PE","erection of front and rear single storey extensions to 130 kennington road. combination of 128 and 130 kennington road to form extended residential care home with the provision of 14no. new care bedrooms in no. 130. reconfiguration of combined forecourt area to provide additional car parking.","Auditcare Mon Choisy Limited","Carter Jonas - Oxford","","withdrawn prior to determination","2nd February 2024","care home","care home","https://data.whitehorsedc.gov.uk/java/support/Main.jsp?MODULE=ApplicationDetails&REF=P23/V2773/FUL","withdrawn","128 Kennington Road Kennington Oxford OX1 5PE","OX1 5PE",51.720791,-1.246269,NA,NA,NA,51.720791,-1.246269,c(-1.246269, 51.720791)
"124","Vale of White Horse","P25/V1814/FUL",NA,NA,"128 & 130 Kennington Road Kennington Oxford OX1 5PE","erection of front and rear part single and part two storey extensions to 130 kennington road. combination of 128 and 130 kennington road to form extended residential care home with the provision of 14no. new care bedrooms in no.130. reconfiguration of combined forecourt area to provide additional car parking. (as amended by plans received 23 february 2026.)","Oxford Auditcare Mon Choisy Limited","Carter Jonas LLP","","no decision issued","","care home","care home","https://data.whitehorsedc.gov.uk/java/support/Main.jsp?MODULE=ApplicationDetails&REF=P25/V1814/FUL","unknown","128 & 130 Kennington Road Kennington Oxford OX1 5PE","OX1 5PE",51.720791,-1.246269,NA,NA,NA,51.720791,-1.246269,c(-1.246269, 51.720791)
"125","South Oxfordshire","P12/S0864/FUL",NA,NA,"Watlington & District Care Home Hill Road Watlington OX59 5AE","single storey side extension (as amended by drawing 1019-pl-2.04 b to indicate timber fenestration, accompanying agent's email dated 15th june 2012).

.","Sanctuary Care Ltd.","ABIKAD","","planning permission","24th July 2012","care home","care home","https://data.southoxon.gov.uk/ccm/support/Main.jsp?MODULE=ApplicationDetails&REF=P12/S0864/FUL","approved","Watlington & District Care Home Hill Road Watlington OX59 5AE","OX59 5AE",NA,NA,51.6433576,-1.006629,"ok",51.6433576,-1.006629,c(-1.006629, 51.6433576)
"126","South Oxfordshire","P12/S1424/FUL",NA,NA,"Townlands Community Hospital York Road Henley-on-Thames RG9 2EB","proposed health and social well being campus comprising conversion and demolition of existing hospital buildings, structures and walls, and redevelopment of the site to provide replacement 18 bed community hospital, 12 bed palliative care facility, 64 no.bed care home, 45 assisted living units and key worker apartments, associated car parking, landscaping, open space, infrastructure and access works including provision of new vehicular access from mount view.

(as amplified by lighting review received 28/09/12, traffic safety audit received 02/10/12, flood risk assessment recieved 02/10/12 and method statement for bats received 17/10/12).

(as amended by drawings 837-1212-d04-i and 837-1212-d04-i received 08/10/12, and drawings aed-ls20-11d, aed-ls20-12d, aed-ls20-002g and aed-ls20-001o received 15/10/12 and drawings 837-1100-d03-p, 837-1202-d04-i, 837-1203-d05-i, 837-1205-d04-i, 837-1210-d03-i, 837-1211-d03-i, 837-1212-d04-i, 837-1213-d04-i, 837-1220-d05-i, 837-1221-d04-i, 837-1222-d04-i, 837-1223-d04-i, 837-1230-d04-i, 837-1231-d04-i, 837-1351-d03-1, 837-1352-d03-i  and 837-1400-d01-i received 18/10/12).","Amber Solutions for Care/NHS Oxfordshire PCT","GVA","","planning permission","19th March 2013","care home","care home","https://data.southoxon.gov.uk/ccm/support/Main.jsp?MODULE=ApplicationDetails&REF=P12/S1424/FUL","approved","Townlands Community Hospital York Road Henley-on-Thames RG9 2EB","RG9 2EB",NA,NA,51.5388456,-0.9079964,"ok",51.5388456,-0.9079964,c(-0.9079964, 51.5388456)
"127","South Oxfordshire","P12/S3127/FUL",NA,NA,"11 Lane End Crowmarsh Gifford WALLINGFORD Oxon OX10 8DG","change of use from care home to domestic dwelling.","Voyage Care","Collings Design","","planning permission","7th February 2013","care home","care home","https://data.southoxon.gov.uk/ccm/support/Main.jsp?MODULE=ApplicationDetails&REF=P12/S3127/FUL","approved","11 Lane End Crowmarsh Gifford WALLINGFORD Oxon OX10 8DG","OX10 8DG",51.597573,-1.105566,NA,NA,NA,51.597573,-1.105566,c(-1.105566, 51.597573)
"128","South Oxfordshire","P12/S2982/FUL",NA,NA,"New House Behoes Lane Woodcote RG8 0PP","change of use from care home to domestic dwelling.","Voyage Care","Collings Design","","planning permission","25th January 2013","care home","care home","https://data.southoxon.gov.uk/ccm/support/Main.jsp?MODULE=ApplicationDetails&REF=P12/S2982/FUL","approved","New House Behoes Lane Woodcote RG8 0PP","RG8 0PP",51.53356,-1.079918,NA,NA,NA,51.53356,-1.079918,c(-1.079918, 51.53356)
"129","South Oxfordshire","P13/S0405/FUL",NA,NA,"136 Loyd Road Didcot OX11 8JR","convert and extend a residential dwelling into an 6no. bedroom residential care home (use class c2) for people with learning disabilities or mental health disorders.- revised design of a new build 1no. bedroom annexe accommodation (use class c2) to be occupied by people with learning disabilities or mental health disorders. (as amplified by additional information received 11 march 2013.)","TMA Property Solutions Ltd","Jackson Design Associates","","planning permission","15th May 2013","care home","care home","https://data.southoxon.gov.uk/ccm/support/Main.jsp?MODULE=ApplicationDetails&REF=P13/S0405/FUL","approved","136 Loyd Road Didcot OX11 8JR","OX11 8JR",51.596253,-1.24836,NA,NA,NA,51.596253,-1.24836,c(-1.24836, 51.596253)
"130","South Oxfordshire","P13/S2171/FUL",NA,NA,"Westgate House Care Home Millington Road Wallingford Oxfordshire OX10 8FE","ground floor extension to increase lounge space within the dementia wing of a care home","Mr Nigel Fenton","The Orders of St John Care tru","","planning permission","18th September 2013","care home","care home","https://data.southoxon.gov.uk/ccm/support/Main.jsp?MODULE=ApplicationDetails&REF=P13/S2171/FUL","approved","Westgate House Care Home Millington Road Wallingford Oxfordshire OX10 8FE","OX10 8FE",51.602901,-1.13135,NA,NA,NA,51.602901,-1.13135,c(-1.13135, 51.602901)
"131","South Oxfordshire","P13/S2051/FUL",NA,NA,"Watlington & District Care Home Hill Road Watlington OX49 5AE","to provide a single storey extension to the existing care home that will be an orangery for the use of existing residents.","Sanctuary Care Ltd","KWL Architects Limited","","planning permission","6th September 2013","care home","care home","https://data.southoxon.gov.uk/ccm/support/Main.jsp?MODULE=ApplicationDetails&REF=P13/S2051/FUL","approved","Watlington & District Care Home Hill Road Watlington OX49 5AE","OX49 5AE",51.640548,-0.996914,NA,NA,NA,51.640548,-0.996914,c(-0.996914, 51.640548)
"132","South Oxfordshire","P14/S2354/FUL",NA,NA,"Land off Kiln Avenue Chinnor OX39 4ER","erection of a new 60 bed care home (as amended by site plan, feasibility plan and proposed elevations received 11 december 2014)","Four Seasons Health Care","Pharaoh Designs","","planning permission","10th February 2015","care home","care home","https://data.southoxon.gov.uk/ccm/support/Main.jsp?MODULE=ApplicationDetails&REF=P14/S2354/FUL","approved","Land off Kiln Avenue Chinnor OX39 4ER","OX39 4ER",51.698156,-0.906117,NA,NA,NA,51.698156,-0.906117,c(-0.906117, 51.698156)
"133","South Oxfordshire","P15/S3385/FUL",NA,NA,"The Workshop Newtown Road Henley-on-Thames RG9 1HG","demolition of the existing building and the erection of an 80 bed care home (c2 use) with parking,  landscaping, retention of existing access to newtown road and creation of a new access from mill lane.(as amended by drawings accompanying email from agent dated 9 march 2016)","Henthames Limited and Hallmark","Woolf Bond Planning","","planning permission","20th December 2016","care home","care home","https://data.southoxon.gov.uk/ccm/support/Main.jsp?MODULE=ApplicationDetails&REF=P15/S3385/FUL","approved","The Workshop Newtown Road Henley-on-Thames RG9 1HG","RG9 1HG",51.529362,-0.895508,NA,NA,NA,51.529362,-0.895508,c(-0.895508, 51.529362)
"134","South Oxfordshire","P16/S0900/FUL",NA,NA,"Winterbrook Nursing Home 18 Winterbrook Wallingford OX10 9EA","single storey staff room extension. as amended by revised plan received on 09 may 2016 showing removal of bathroom window to rear elevation.","Mr H Surdhar","Colin Dawson","","planning permission","9th May 2016","care home","nursing home","https://data.southoxon.gov.uk/ccm/support/Main.jsp?MODULE=ApplicationDetails&REF=P16/S0900/FUL","approved","Winterbrook Nursing Home 18 Winterbrook Wallingford OX10 9EA","OX10 9EA",51.592584,-1.127303,NA,NA,NA,51.592584,-1.127303,c(-1.127303, 51.592584)
"135","South Oxfordshire","P16/S2195/FUL",NA,NA,"Eastfield House Care Home Eastfield Lane Whitchurch on Thames RG8 7EJ","variation of condition 13 of planning permission app/q3115/a/13/2192681 (travel plan).

partial demolition of existing care home, eastfield house, construction of extensions and associated works and change of use of land at the rear of the home from c3 to c2 to provide additional external amenity space.","Ross Healthcare Ltd","Buckle Chamberlain Partnership","","planning permission","31st August 2016","care home","care home","https://data.southoxon.gov.uk/ccm/support/Main.jsp?MODULE=ApplicationDetails&REF=P16/S2195/FUL","approved","Eastfield House Care Home Eastfield Lane Whitchurch on Thames RG8 7EJ","RG8 7EJ",51.48993,-1.082006,NA,NA,NA,51.48993,-1.082006,c(-1.082006, 51.48993)
"136","South Oxfordshire","P16/S2193/FUL",NA,NA,"Eastfield House Care Home Eastfield Lane Whitchurch on Thames RG8 7EJ","removal of condition 13 of planning permission app/q3115/a/13/2192681 (travel plan).

partial demolition of existing care home, eastfield house, construction of extensions and associated works and change of use of land at the rear of the home from c3 to c2 to provide additional external amenity space.","Ross Healthcare","Buckle Chamberlain Partnership","","planning permission","31st August 2016","care home","care home","https://data.southoxon.gov.uk/ccm/support/Main.jsp?MODULE=ApplicationDetails&REF=P16/S2193/FUL","approved","Eastfield House Care Home Eastfield Lane Whitchurch on Thames RG8 7EJ","RG8 7EJ",51.48993,-1.082006,NA,NA,NA,51.48993,-1.082006,c(-1.082006, 51.48993)
"137","South Oxfordshire","P16/S1686/FUL",NA,NA,"The Close Care Home Abingdon Road Burcot OX143DP","the area to the rear of the existing carpark is used as waste storage area, we are planning to extend the car park to accommodate visitors to the home, the area will be 30m x 16m this will be surrounded by reinforced concrete retaining wall to hold the land in place and then surrounded by new fencing. 

(as amplified by arboricultural impact assessment dated 11 july 2016 accompanying e-mail from applicant received 12 july 2016 and amended by drawing 909-01 revision a altering tree protection and detailing car parking spaces)","Mr richard edwards","Mr Richard Edwards","","withdrawn prior to determination","19th January 2017","care home","care home","https://data.southoxon.gov.uk/ccm/support/Main.jsp?MODULE=ApplicationDetails&REF=P16/S1686/FUL","withdrawn","The Close Care Home Abingdon Road Burcot OX143DP","OX143DP",51.659233,-1.185327,NA,NA,NA,51.659233,-1.185327,c(-1.185327, 51.659233)
"138","South Oxfordshire","P16/S1422/FUL",NA,NA,"The Close Nursing Home Burcot OX14 3DP","erection of 4 x 4m shed to rear of property. (as amplified by arboricultural impact assessment dated 11 july 2016 accompanying e-mail from applicant received 12 july 2016)","Mr Richard Edwards","Cavendish Care Ltd","","planning permission","30th August 2016","care home","nursing home","https://data.southoxon.gov.uk/ccm/support/Main.jsp?MODULE=ApplicationDetails&REF=P16/S1422/FUL","approved","The Close Nursing Home Burcot OX14 3DP","OX14 3DP",51.659233,-1.185327,NA,NA,NA,51.659233,-1.185327,c(-1.185327, 51.659233)
"139","South Oxfordshire","P16/S4157/FUL",NA,NA,"Eastfield House Care Home Eastfield Lane Whitchurch on Thames RG8 7EJ","erection of gas and electricity meter housing - to replace previous timber summer house (as amended to reposition the building)","Ross Healthcare Ltd","Buckle Chamberlain Partnership","","planning permission","8th March 2017","care home","care home","https://data.southoxon.gov.uk/ccm/support/Main.jsp?MODULE=ApplicationDetails&REF=P16/S4157/FUL","approved","Eastfield House Care Home Eastfield Lane Whitchurch on Thames RG8 7EJ","RG8 7EJ",51.48993,-1.082006,NA,NA,NA,51.48993,-1.082006,c(-1.082006, 51.48993)
"140","South Oxfordshire","P16/S3799/FUL",NA,NA,"Eastfield House Care Home Eastfield Lane Whitchurch on Thames RG8 7EJ","variation of conditions 9 on application p16/s2399/o

'partial demolition of existing care home, eastfield house, construction of extensions and associated works and change of use of land at the rear of the home from c3 to c2 to provide additional external amenity space.
the site currently benefits from planning permission granted under appeal ref. app/q3115/a/13/2192681, dated 21 august 2013 '","Ross Healthcare","Buckle Chamberlain Partnership","","planning permission","3rd January 2017","care home","care home","https://data.southoxon.gov.uk/ccm/support/Main.jsp?MODULE=ApplicationDetails&REF=P16/S3799/FUL","approved","Eastfield House Care Home Eastfield Lane Whitchurch on Thames RG8 7EJ","RG8 7EJ",51.48993,-1.082006,NA,NA,NA,51.48993,-1.082006,c(-1.082006, 51.48993)
"141","South Oxfordshire","P16/S3424/FUL",NA,NA,"Churchfield Lane Benson OX10 6SH","development of a 60 bed c2 use class elderly care home (as amplified by drainage testing information received 2 november 2016, section plan showing site levels received 22 november 2016, sustainable drainage and landscape management plan and additional information received 14 december 2016, trics daily trip rate survey received 15 december 2016, footpath plan received 15 december 2016, archaeological evaluation and drainage impact assessment received 15 may 2018).","Mr Danny Sharpe","Northstar Benson Limited","","planning permission","27th February 2017","care home","care home","https://data.southoxon.gov.uk/ccm/support/Main.jsp?MODULE=ApplicationDetails&REF=P16/S3424/FUL","approved","Churchfield Lane Benson OX10 6SH","OX10 6SH",51.620436,-1.114708,NA,NA,NA,51.620436,-1.114708,c(-1.114708, 51.620436)
"142","South Oxfordshire","P17/S0679/FUL",NA,NA,"The Close Nursing Home Burcot OX14 3DP","new flooring to bin area and new security lighting (as supported by applicant's email and attached photograph received on 17 march 2017; and ; arena light specification and email received 30 may 2017; and amended arboricultural impact assessment received 7th july 2017)","Mr Richard Edwards","Mr Richard Edwards","","planning permission","10th July 2017","care home","nursing home","https://data.southoxon.gov.uk/ccm/support/Main.jsp?MODULE=ApplicationDetails&REF=P17/S0679/FUL","approved","The Close Nursing Home Burcot OX14 3DP","OX14 3DP",51.659233,-1.185327,NA,NA,NA,51.659233,-1.185327,c(-1.185327, 51.659233)
"143","South Oxfordshire","P17/S0526/FUL",NA,NA,"Deanfield Avenue HENLEY-ON-THAMES RG9 1UE","erection of care home for the elderly, including parking, amenity, landscaping and tree protection (as per additional information received 13 june 2017 accompanying agent's email, amended plans received 3 august 2017 accompanying agent's email and additional arboricultural information received 16 october 2017 accompanying agents email).","Mr Ian Sloan","PPML Consulting Ltd","","refusal of planning permission | appeal: appeal dismissed on 7 december 2018","13th December 2017","care home","care home","https://data.southoxon.gov.uk/ccm/support/Main.jsp?MODULE=ApplicationDetails&REF=P17/S0526/FUL","refused","Deanfield Avenue HENLEY-ON-THAMES RG9 1UE","RG9 1UE",51.535532,-0.909142,NA,NA,NA,51.535532,-0.909142,c(-0.909142, 51.535532)
"144","South Oxfordshire","P17/S1414/FUL",NA,NA,"Townlands Hospital York Road HENLEY-ON-THAMES RG9 2EB","variation of condition 2  (plans) of planning permission p12/s1424/ful

proposed health and social well being campus comprising conversion and demolition of existing hospital buildings, structures and walls, and redevelopment of the site to provide replacement 18 bed community hospital, 12 bed palliative care facility, 64 bed care home, 45 assisted living units and key worker apartments, associated car parking, landscaping, open space, infrastructure and access works including provision of new vehicular access from mount view.","Laureate Gardens Ltd","GVA","","planning permission","4th September 2017","care home","care home","https://data.southoxon.gov.uk/ccm/support/Main.jsp?MODULE=ApplicationDetails&REF=P17/S1414/FUL","approved","Townlands Hospital York Road HENLEY-ON-THAMES RG9 2EB","RG9 2EB",NA,NA,51.5389987,-0.9091117,"ok",51.5389987,-0.9091117,c(-0.9091117, 51.5389987)
"145","South Oxfordshire","P17/S3564/FUL",NA,NA,"Land at Wallingford Road/Reading Road Wallingford OX10 9EG","erection of a 70 bed care home (within use class c2), access, parking, landscaping and other associated works.(as amplified and amended by information accompanying email from agent dated 11 december 2017).","Frontier Estates (Wal) Ltd, Mrs H Anderson and Mr G Snook","Mrs Anna Gillings","","planning permission","16th July 2018","care home","care home","https://data.southoxon.gov.uk/ccm/support/Main.jsp?MODULE=ApplicationDetails&REF=P17/S3564/FUL","approved","Land at Wallingford Road/Reading Road Wallingford OX10 9EG","OX10 9EG",51.589035,-1.13007,NA,NA,NA,51.589035,-1.13007,c(-1.13007, 51.589035)
"146","South Oxfordshire","P17/S3593/FUL",NA,NA,"1, 3 and 5 Park Hill Wheatley OX33 1ND","demolition of three residential dwellings and the construction of a new 75 bed care home facility (use class c2). (as per noise and odur report received 29 november 2017)",".","Carter Jonas- Oxford","","withdrawn prior to determination","24th January 2018","care home","care home","https://data.southoxon.gov.uk/ccm/support/Main.jsp?MODULE=ApplicationDetails&REF=P17/S3593/FUL","withdrawn","1, 3 and 5 Park Hill Wheatley OX33 1ND","OX33 1ND",51.749692,-1.13933,NA,NA,NA,51.749692,-1.13933,c(-1.13933, 51.749692)
"147","South Oxfordshire","P18/S0650/FUL",NA,NA,"Greendene Farm near Chazey Heath RG4 7UG","the demolition of the buildings at greendene farm other than greendene farmhouse and the development of a 65-bedroom elderly care home use class c2 with access, car-parking and a comprehensive landscaping strategy.
as amended / clarified by:
+ ecology survey submitted 3 april 2018;
+ drainage details submitted 26 april 2018, 16 october 2018 and 10 december 2018;
+ updated plans and whole estate enhancement plan submitted 7 november 2018;
+ alternative site assessment submitted 15 february 2019;
+ updated whole estates enhancement plan submitted 9 april 2019;
+ final planning balance letter and addendum on need submitted 8 may 2019;
+ additional landscape information submitted 29 july 2019; and
+ legal opinion submitted 22 august 2019.","Mr  C/O agent","Miss Harriet Swale","","refusal of planning permission | appeal: appeal dismissed on 23 march 2021","13th September 2019","care home","care home","https://data.southoxon.gov.uk/ccm/support/Main.jsp?MODULE=ApplicationDetails&REF=P18/S0650/FUL","refused","Greendene Farm near Chazey Heath RG4 7UG","RG4 7UG",51.496366,-1.004433,NA,NA,NA,51.496366,-1.004433,c(-1.004433, 51.496366)
"148","South Oxfordshire","P18/S1820/FUL",NA,NA,"Workshop Gym, La Fitness Newtown Road Henley-On-Thames RG9 1HG","variation of condition 28 on application ref. p15/s3385/ful - to allow the operation of a water extraction pump for 24 hours per day during the excavation of and initial construction of the proposed basement to prevent flooding of the works and uplifting of the structure caused by water pressure

demolition of the existing building and the erection of an 80 bed care home (c2 use) with parking, landscaping, retention of existing access to newtown road and creation of a new access from mill lane.","Hallmark Care Homes","Buckle Chamberlain Partnership","","withdrawn prior to determination","2nd October 2018","care home","care home","https://data.southoxon.gov.uk/ccm/support/Main.jsp?MODULE=ApplicationDetails&REF=P18/S1820/FUL","withdrawn","Workshop Gym, La Fitness Newtown Road Henley-On-Thames RG9 1HG","RG9 1HG",51.529362,-0.895508,NA,NA,NA,51.529362,-0.895508,c(-0.895508, 51.529362)
"149","South Oxfordshire","P18/S1475/FUL",NA,NA,"Unit A, Lower Broadway Broadway Didcot OX11 8ET","demolition of buildings and erection of a 70-bed care home (within class c2), parking, access, landscaping and other associated works","c/o agent","Gilings Planning","","planning permission","5th November 2018","care home","care home","https://data.southoxon.gov.uk/ccm/support/Main.jsp?MODULE=ApplicationDetails&REF=P18/S1475/FUL","approved","Unit A, Lower Broadway Broadway Didcot OX11 8ET","OX11 8ET",51.607151,-1.231602,NA,NA,NA,51.607151,-1.231602,c(-1.231602, 51.607151)
"150","South Oxfordshire","P18/S1346/FUL",NA,NA,"Land at Churchfield Lane Benson OX10 6SH","variation of condition 2 (approved plans) of planning permission p16/s3424/ful- to provide 10 additional bedrooms within the same footprint, as the previously approved staff accommodation is not required, and the external alterations to the building.
(as amended by site plan received 3 july 2018 clarifying location of boundary treatment)
 
development of a 60 bed c2 use class elderly care home (as amplified by drainage testing information received 2nd november 2016, section plan showing site levels received 22nd december 2016, sustainable drainage and landscape management plan and additional information received 14th december 2016, trics daily trip rate survey received 15th december 2016 and footpath plan received 15th december 2016).","Northstar Benson Limited","Northstar Benson Ltd","","planning permission","17th August 2018","care home","care home","https://data.southoxon.gov.uk/ccm/support/Main.jsp?MODULE=ApplicationDetails&REF=P18/S1346/FUL","approved","Land at Churchfield Lane Benson OX10 6SH","OX10 6SH",51.620436,-1.114708,NA,NA,NA,51.620436,-1.114708,c(-1.114708, 51.620436)
"151","South Oxfordshire","P18/S1243/FUL",NA,NA,"Daf Trucks Ltd Eastern Bypass THAME OX9 3FB","erection of a 68 bed care home and associated vehicular parking, landscaping, ancillary infrastructure and other works.",".","Miss Lauren Hawksworth","","withdrawn prior to determination","10th September 2018","care home","care home","https://data.southoxon.gov.uk/ccm/support/Main.jsp?MODULE=ApplicationDetails&REF=P18/S1243/FUL","withdrawn","Daf Trucks Ltd Eastern Bypass THAME OX9 3FB","OX9 3FB",NA,NA,51.746997,-0.974188,"ok",51.746997,-0.974188,c(-0.974188, 51.746997)
"152","South Oxfordshire","P18/S2661/FUL",NA,NA,"1, 3 and 5 Park Hill Wheatley OX33 1ND","demolition of three residential dwellings and the construction of a new 75 bed care home facility (use class c2)(as amplified by information received 2 october 2018 and amended by drawings received 5 october 2018).","Frontier Estates Limited","Carter Jonas","","withdrawn prior to determination","5th February 2019","care home","care home","https://data.southoxon.gov.uk/ccm/support/Main.jsp?MODULE=ApplicationDetails&REF=P18/S2661/FUL","withdrawn","1, 3 and 5 Park Hill Wheatley OX33 1ND","OX33 1ND",51.749692,-1.13933,NA,NA,NA,51.749692,-1.13933,c(-1.13933, 51.749692)
"153","South Oxfordshire","P19/S0246/FUL",NA,NA,"Chilterns Care Home Townlands Community Hospital York Road Henley on Thames RG9 2EB","retention of roof mounted flues serving gas fired laundry dryers, installed in breach of condition 5 of planning consent p12/s1424/ful.","Vinci Construction Ltd","Noviun Architects","","planning permission","1st May 2019","care home","care home","https://data.southoxon.gov.uk/ccm/support/Main.jsp?MODULE=ApplicationDetails&REF=P19/S0246/FUL","approved","Chilterns Care Home Townlands Community Hospital York Road Henley on Thames RG9 2EB","RG9 2EB",NA,NA,51.5388456,-0.9079964,"ok",51.5388456,-0.9079964,c(-0.9079964, 51.5388456)
"154","South Oxfordshire","P19/S1805/FUL",NA,NA,"Land Off Churchfield Lane Benson OX10 6SH","variation of condition 2 (approved plans) of p18/s1346/ful to allow further alterations to the elevations of a 70 bed c2 use class elderly care home (as previously approved under permissions p16/s3414/ful and p18/s1346/ful).","Mr Paul Jeffery","ADG Architects","","planning permission","13th September 2019","care home","care home","https://data.southoxon.gov.uk/ccm/support/Main.jsp?MODULE=ApplicationDetails&REF=P19/S1805/FUL","approved","Land Off Churchfield Lane Benson OX10 6SH","OX10 6SH",51.620436,-1.114708,NA,NA,NA,51.620436,-1.114708,c(-1.114708, 51.620436)
"155","South Oxfordshire","P19/S3003/FUL",NA,NA,"Unit A Lower Broadway Broadway Didcot OX11 8ET","variation of conditions 11, 12, 13, 17 & 20 (wording to be amended to 'except for demolition works ...' in front of wording for the conditions to allow condition 17 to be carried out) on application ref. p18/s1475/ful. 

demolition of buildings and erection of a 70 bed care home (within class c2), parking, access, landscaping and other associated works","Care Concern Group","Robert Potter & Partners LLP","","planning permission","4th December 2019","care home","care home","https://data.southoxon.gov.uk/ccm/support/Main.jsp?MODULE=ApplicationDetails&REF=P19/S3003/FUL","approved","Unit A Lower Broadway Broadway Didcot OX11 8ET","OX11 8ET",51.607151,-1.231602,NA,NA,NA,51.607151,-1.231602,c(-1.231602, 51.607151)
"156","South Oxfordshire","P19/S2731/FUL",NA,NA,"Unit A Lower Broadway Broadway Didcot OX11 8ET","variation of condition 2 (approved plans) of application p18/s1475/ful (demolition of buildings and erection of a 70 bed care home (within class c2), parking, access, landscaping and other associated works) in line with amendments submitted and detailed in agents emails dated  18/11/2019, 22/11/2019, 13/02/2020, 27/02/2020 and 01/04/2020.","Care Concern Group","Robert Potter & Partners LLP","","planning permission","2nd April 2020","care home","care home","https://data.southoxon.gov.uk/ccm/support/Main.jsp?MODULE=ApplicationDetails&REF=P19/S2731/FUL","approved","Unit A Lower Broadway Broadway Didcot OX11 8ET","OX11 8ET",51.607151,-1.231602,NA,NA,NA,51.607151,-1.231602,c(-1.231602, 51.607151)
"157","South Oxfordshire","P19/S2486/FUL",NA,NA,"Former Henley Youth Centre site 1 Deanfield Avenue Henley-On-Thames RG9 1UE","erection of care home for the elderly and a detached affordable apartment block (10 x 1 bed), including parking, amenity, landscaping and tree protection (as amended by plans submitted 14 october 2019).","Mr Ian Sloan","PPML Consulting Ltd","","refusal of planning permission","30th January 2020","care home","care home","https://data.southoxon.gov.uk/ccm/support/Main.jsp?MODULE=ApplicationDetails&REF=P19/S2486/FUL","refused","Former Henley Youth Centre site 1 Deanfield Avenue Henley-On-Thames RG9 1UE","RG9 1UE",51.535532,-0.909142,NA,NA,NA,51.535532,-0.909142,c(-0.909142, 51.535532)
"158","South Oxfordshire","P19/S4482/FUL",NA,NA,"1, 3 and 5 Park Hill Wheatley OX33 1ND","demolition of three residential dwellings and construction of a residential care home (use class c2) (as amended by drawings and information accompanying email from agent dated 4 march 2020).","Frontier Estates Limited","Carter Jonas","","planning permission","7th December 2020","care home","care home","https://data.southoxon.gov.uk/ccm/support/Main.jsp?MODULE=ApplicationDetails&REF=P19/S4482/FUL","approved","1, 3 and 5 Park Hill Wheatley OX33 1ND","OX33 1ND",51.749692,-1.13933,NA,NA,NA,51.749692,-1.13933,c(-1.13933, 51.749692)
"159","South Oxfordshire","P19/S4477/FUL",NA,NA,"Land at Wallingford Road/Reading Road Wallingford OX10 9EG","variation of condition 2 (approved plans) of application p17/s3564/ful- the relocation of the substation

erection of a 70 bed care home (within use class c2), access, parking, landscaping and other associated works.(as amplified and amended by information accompanying email from agent dated 11 december 2017).","Barchester Healthcare","TDC Architects Ltd","","planning permission","4th June 2020","care home","care home","https://data.southoxon.gov.uk/ccm/support/Main.jsp?MODULE=ApplicationDetails&REF=P19/S4477/FUL","approved","Land at Wallingford Road/Reading Road Wallingford OX10 9EG","OX10 9EG",51.589035,-1.13007,NA,NA,NA,51.589035,-1.13007,c(-1.13007, 51.589035)
"160","South Oxfordshire","P19/S3327/FUL",NA,NA,"Land off Churchfield Lane Benson OX10 6SH","proposal for external entrance lobby to be added to the proposed 70 bed care home development on land off churchfield road, benson.","ADG Architects","ADG Architects","","planning permission","19th December 2019","care home","care home","https://data.southoxon.gov.uk/ccm/support/Main.jsp?MODULE=ApplicationDetails&REF=P19/S3327/FUL","approved","Land off Churchfield Lane Benson OX10 6SH","OX10 6SH",51.620436,-1.114708,NA,NA,NA,51.620436,-1.114708,c(-1.114708, 51.620436)
"161","South Oxfordshire","P20/S0482/FUL",NA,NA,"Henley Manor Care Home Newtown Road Henley-On-Thames RG9 1HG","variation of condition 2 (drawings) retrospective permission for alternative position of a bin store on application ref. p15/s3385/ful","Hallmark Care Homes","Buckle Chamberlain Partnership","","refusal of planning permission","27th January 2023","care home","care home","https://data.southoxon.gov.uk/ccm/support/Main.jsp?MODULE=ApplicationDetails&REF=P20/S0482/FUL","refused","Henley Manor Care Home Newtown Road Henley-On-Thames RG9 1HG","RG9 1HG",51.529362,-0.895508,NA,NA,NA,51.529362,-0.895508,c(-0.895508, 51.529362)
"162","South Oxfordshire","P20/S1852/FUL",NA,NA,"Daf Trucks Ltd Eastern Bypass Thame OX9 3FB","application under s73 of the town and county planning act 1990 for variation of condition 2 - amended plans and 5 - amendment to means of access for the full application and condition 4 - amended plans for the outline application of p18/s3143/o. ""hybrid planning application with: outline permission (all matters reserved except for access) sought for demolition of existing buildings and development of 1511 sqm (gross) of offices within class b1 and up to 129 dwellings within class c3 and associated works. full planning permission sought for erection of a 68 bed care home within class c2 and associated access, vehicular parking, landscaping, ancillary infrastructure and other works.","Angle Property PCDF IV (Thame)","Montagu Evans","","planning permission","27th October 2020","care home","care home","https://data.southoxon.gov.uk/ccm/support/Main.jsp?MODULE=ApplicationDetails&REF=P20/S1852/FUL","approved","Daf Trucks Ltd Eastern Bypass Thame OX9 3FB","OX9 3FB",NA,NA,51.746997,-0.974188,"ok",51.746997,-0.974188,c(-0.974188, 51.746997)
"163","South Oxfordshire","P20/S1658/FUL",NA,NA,"Land off Churchfield Lane Benson OX10 6SH","variation of condition 2 of p18/s1346/ful to extend the proposed car park to allow a further 6 parking spaces.
variation of condition 2 (approved plans) of planning permission p16/s3424/ful- to provide 10 additional bedrooms within the same footprint, as the previously approved staff accommodation is not required, and the external alterations to the building.
development of a 60 bed c2 use class elderly care home","Mr Paul Jeffery","ADG Architects","","planning permission","6th July 2020","care home","care home","https://data.southoxon.gov.uk/ccm/support/Main.jsp?MODULE=ApplicationDetails&REF=P20/S1658/FUL","approved","Land off Churchfield Lane Benson OX10 6SH","OX10 6SH",51.620436,-1.114708,NA,NA,NA,51.620436,-1.114708,c(-1.114708, 51.620436)
"164","South Oxfordshire","P21/S1415/FUL",NA,NA,"Winterbrook Nursing Home 18 Winterbrook Wallingford OX10 9EF","the erection of 23 retirement apartments (age restricted to 55+) including associated communal facilities, parking, access, and landscaping, following the demolition of the existing 35-bedroom nursing home and all associated outbuildings.","Beechcroft Developments Ltd. and Newcore Capital Management","Ridge and Partners LLP","","planning permission","26th July 2022","care home","nursing home","https://data.southoxon.gov.uk/ccm/support/Main.jsp?MODULE=ApplicationDetails&REF=P21/S1415/FUL","approved","Winterbrook Nursing Home 18 Winterbrook Wallingford OX10 9EF","OX10 9EF",51.590444,-1.128571,NA,NA,NA,51.590444,-1.128571,c(-1.128571, 51.590444)
"165","South Oxfordshire","P21/S1174/FUL",NA,NA,"1, 3 and 5 Park Hill Wheatley OX33 1ND","section 73 application for variation of condition 2 approved plans on planning application p19/s4482/ful - 1. internal reconfiguration of the approved first floor residents lounge and dining area; 2. internal reconfiguration on first floor to replace approved bedrooms 64 and 65 with a residents lounge 2; 3. addition of external balcony on first floor facing park hill, adjacent to stair core 3; 4. incidental changes to the fenestration associated with the changes described under points 1-3. (additional information received 17/05/2021) (landscape plans to vary condition 5 withdrawn 17/05/2021).

demolition of three residential dwellings and construction of a residential care home (use class c2).","Frontier Estates Limited","Carter Jonas","","planning permission","26th May 2021","care home","care home","https://data.southoxon.gov.uk/ccm/support/Main.jsp?MODULE=ApplicationDetails&REF=P21/S1174/FUL","approved","1, 3 and 5 Park Hill Wheatley OX33 1ND","OX33 1ND",51.749692,-1.13933,NA,NA,NA,51.749692,-1.13933,c(-1.13933, 51.749692)
"166","South Oxfordshire","P21/S0881/FUL",NA,NA,"Unit A, Lower Broadway Broadway Didcot OX11 8ET","variation of condition 2 (approved plans) on application p19/s2731/ful- removal of window boxes. 

variation of condition 2 (approved plans) of application p18/s1475/ful (demolition of buildings and erection of a 70 bed care home (within class c2), parking, access, landscaping and other associated works) in line with amendments submitted and detailed in agent's emails dated  18/11/2019, 22/11/2019, 13/02/2020, 27/02/2020 and 01/04/2020.","Care Concern Group","Robert Potter & Partners LLP","","planning permission","24th May 2021","care home","care home","https://data.southoxon.gov.uk/ccm/support/Main.jsp?MODULE=ApplicationDetails&REF=P21/S0881/FUL","approved","Unit A, Lower Broadway Broadway Didcot OX11 8ET","OX11 8ET",51.607151,-1.231602,NA,NA,NA,51.607151,-1.231602,c(-1.231602, 51.607151)
"167","South Oxfordshire","P21/S0644/FUL",NA,NA,"Pearces Yard Aylesbury Road Thame OX9 3AS","full planning permission for the erection of a 70-bed care home development (use class c2), including communal space, landscaping and associated development
(amplified by energy statement received 13 april 2021)","Tamanend Estates LLP","Iceni Projects","","refusal of planning permission","22nd March 2022","care home","care home","https://data.southoxon.gov.uk/ccm/support/Main.jsp?MODULE=ApplicationDetails&REF=P21/S0644/FUL","refused","Pearces Yard Aylesbury Road Thame OX9 3AS","OX9 3AS",NA,NA,51.7536295,-0.978272,"ok",51.7536295,-0.978272,c(-0.978272, 51.7536295)
"168","South Oxfordshire","P21/S5383/FUL",NA,NA,"Steven Orton Antiques Shirburn Road near Watlington OX49 5BZ","variation of condition 1 to substitute approved plans on planning application p19/s2380/rm in relation to block d.

reserved matters application following outline approval p18/s0002/o for 37 retirement houses, care home and 4 units of staff accommodation at shirburn road, to consider appearance, landscaping, layout and scale.","Beechcroft Developments","Ridge and Partners LLP","","withdrawn prior to determination","3rd May 2022","care home","care home","https://data.southoxon.gov.uk/ccm/support/Main.jsp?MODULE=ApplicationDetails&REF=P21/S5383/FUL","withdrawn","Steven Orton Antiques Shirburn Road near Watlington OX49 5BZ","OX49 5BZ",51.647266,-1.001334,NA,NA,NA,51.647266,-1.001334,c(-1.001334, 51.647266)
"169","South Oxfordshire","P21/S5357/FUL",NA,NA,"Steven Orton Antiques Shirburn Road near Watlington OX49 5BZ","application under section 73 tcpa 1990 for variation of condition 1 (development in accordance with approved plans) in relation to block a, block b, block c and block d on planning application p19/s2380/rm. (as amplified and amended by additional plans received 14 april 2022 and as amended by plans received 04 july 2022)

(reserved matters application following outline approval p18/s0002/o for 37 retirement houses, care home and 4 units of staff accommodation at shirburn road, to consider appearance, landscaping, layout and scale.)","Beechcroft Developments","Ridge and Partners LLP","","planning permission","14th July 2022","care home","care home","https://data.southoxon.gov.uk/ccm/support/Main.jsp?MODULE=ApplicationDetails&REF=P21/S5357/FUL","approved","Steven Orton Antiques Shirburn Road near Watlington OX49 5BZ","OX49 5BZ",51.647266,-1.001334,NA,NA,NA,51.647266,-1.001334,c(-1.001334, 51.647266)
"170","South Oxfordshire","P22/S2004/FUL",NA,NA,"Hempton Field Nursing Home 36 Lower Icknield Way Chinnor OX39 4EB","erection of porch, render to the front elevation.","Barchester Healthcare Ltd","Walsingham Planning","","planning permission","28th July 2022","care home","nursing home","https://data.southoxon.gov.uk/ccm/support/Main.jsp?MODULE=ApplicationDetails&REF=P22/S2004/FUL","approved","Hempton Field Nursing Home 36 Lower Icknield Way Chinnor OX39 4EB","OX39 4EB",51.707984,-0.902291,NA,NA,NA,51.707984,-0.902291,c(-0.902291, 51.707984)
"171","South Oxfordshire","P22/S1689/FUL",NA,NA,"Eastfield House Eastfield Lane Whitchurch On Thames RG8 7EJ","application under s73 of the town and country planning act 1990 for variation of condition 14 (approved plans) on application p11/s0126 granted by appeal decision app/q3115/a/13/219268 (partial demolition of existing care home, eastfield house, construction of extensions and associated works and change of use of land at the rear of the home from c3 to c2 to provide additional external amenity space) to allow changes to internal layout; formation of dormers at second floor; additional plant room; part retention of existing outbuilding; and erection of summer house within rear garden.","Urban village group","DWA Architects (London) Ltd","","refusal of planning permission","25th August 2022","care home","care home","https://data.southoxon.gov.uk/ccm/support/Main.jsp?MODULE=ApplicationDetails&REF=P22/S1689/FUL","refused","Eastfield House Eastfield Lane Whitchurch On Thames RG8 7EJ","RG8 7EJ",51.48993,-1.082006,NA,NA,NA,51.48993,-1.082006,c(-1.082006, 51.48993)
"172","South Oxfordshire","P23/S0371/FUL",NA,NA,"The Maples Dysons Wood Kidmore End RG4 9EY","change of use and associated alterations to the former the maples residential care home, existing buildings and landscape, to provide a specialist sen educational facility for pupils aged 3-18 years (use class c2 to f1 throughout the site). minor alterations to fenestration. formalised car parking, minor alterations to the landscape including outdoor play area and canopy. new proposed fencing to the perimeter of the site.","Archway Building Consultancy Ltd","e-gg","","withdrawn prior to determination","28th June 2023","care home","care home","https://data.southoxon.gov.uk/ccm/support/Main.jsp?MODULE=ApplicationDetails&REF=P23/S0371/FUL","withdrawn","The Maples Dysons Wood Kidmore End RG4 9EY","RG4 9EY",51.49487,-0.987208,NA,NA,NA,51.49487,-0.987208,c(-0.987208, 51.49487)
"173","South Oxfordshire","P23/S2003/FUL",NA,NA,"Land North East of Didcot Didcot","erection of a three storey 66-bedroom residential care home (use class c2) for the elderly and associated car park, ancillary buildings and landscaping. (as amended by information received 30 august 2023 and 14 september 2023 and as amplified by additional information received 31 october 2023).","LNT Care Developments","LNT Care Developments","","no decision issued","","care home","care home","https://data.southoxon.gov.uk/ccm/support/Main.jsp?MODULE=ApplicationDetails&REF=P23/S2003/FUL","unknown","Land North East of Didcot Didcot",NA,NA,NA,51.608044,-1.24484,"ok",51.608044,-1.24484,c(-1.24484, 51.608044)
"174","South Oxfordshire","P23/S1498/FUL",NA,NA,"Winterbrook Nursing Home 18 Winterbrook Wallingford OX10 9EF","creation of a temporary vehicular and pedestrian access for sales staff and visitors (for up to 24 months) associated with the construction of new dwellings being created pursuant to planning permission p21/s1415/ful.","Beechcroft Developments Ltd","Beechcroft Developments Ltd","","planning permission","18th July 2023","care home","nursing home","https://data.southoxon.gov.uk/ccm/support/Main.jsp?MODULE=ApplicationDetails&REF=P23/S1498/FUL","approved","Winterbrook Nursing Home 18 Winterbrook Wallingford OX10 9EF","OX10 9EF",51.590444,-1.128571,NA,NA,NA,51.590444,-1.128571,c(-1.128571, 51.590444)
"175","South Oxfordshire","P24/S0924/FUL",NA,NA,"Rush Court Nursing Home Shillingford Road Shillingford Hill OX10 8LL","installation of roof mounted solar panels.","Elizabeth Finn Care","Westbrooke Surveyors","","planning permission","2nd May 2024","care home","nursing home","https://data.southoxon.gov.uk/ccm/support/Main.jsp?MODULE=ApplicationDetails&REF=P24/S0924/FUL","approved","Rush Court Nursing Home Shillingford Road Shillingford Hill OX10 8LL","OX10 8LL",51.619771,-1.129151,NA,NA,NA,51.619771,-1.129151,c(-1.129151, 51.619771)
"176","South Oxfordshire","P24/S2783/FUL",NA,NA,"Land South of London Road Wheatley","hybrid planning application to include: a) full planning application for the erection of 63 dwellings, associated infrastructure, access and landscaping; and 
b) an outline planning application for employment floorspace, that may include a use class c2 residential care home, and landscape and associated infrastructure, with all matters reserved apart from access. 
(amended & additional information received 19 december 2024, 17 april 2025, 17 july 2025, 5 august, 11th august, 15 august, 12 november 2025 and 4 december 2025)","c/o agent - Stantec","Stantec","","no decision issued","","care home","care home","https://data.southoxon.gov.uk/ccm/support/Main.jsp?MODULE=ApplicationDetails&REF=P24/S2783/FUL","unknown","Land South of London Road Wheatley",NA,NA,NA,51.746021,-1.129617,"ok",51.746021,-1.129617,c(-1.129617, 51.746021)
"177","South Oxfordshire","P24/S3741/FUL",NA,NA,"Rush Court Nursing Home Shillingford Road Shillingford Hill OX10 8LL","installation of two flag poles for the flying of advertising flags.","Elizabeth Finn Care","Westbrooke Surveyors","","planning permission","7th January 2025","care home","nursing home","https://data.southoxon.gov.uk/ccm/support/Main.jsp?MODULE=ApplicationDetails&REF=P24/S3741/FUL","approved","Rush Court Nursing Home Shillingford Road Shillingford Hill OX10 8LL","OX10 8LL",51.619771,-1.129151,NA,NA,NA,51.619771,-1.129151,c(-1.129151, 51.619771)
"178","South Oxfordshire","P24/S2954/FUL",NA,NA,"Lashbrook House Nursing Home Mill Road Lower Shiplake RG9 3LS","demolition of existing care home, and the erection of a new purpose-built care home facility (use class c2), with associated works including parking and landscaping.","William Selby","Avison Young","","refusal of planning permission","19th December 2024","care home","care home","https://data.southoxon.gov.uk/ccm/support/Main.jsp?MODULE=ApplicationDetails&REF=P24/S2954/FUL","refused","Lashbrook House Nursing Home Mill Road Lower Shiplake RG9 3LS","RG9 3LS",51.505455,-0.881506,NA,NA,NA,51.505455,-0.881506,c(-0.881506, 51.505455)
"179","South Oxfordshire","P25/S1461/FUL",NA,NA,"Watlington And District Nursing Home Hill Road Watlington OX49 5AE","the barn is currently used as a commercial kitchen to cook all the food for staff and residents within the nursing home, the laundry area and meeting rooms. the works are to replace the existing single glazed crittall windows with new upvc double glazed windows.","Sanctuary Housing Association","ATP Architects + Surveyors Ltd","","planning permission","26th June 2025","care home","nursing home","https://data.southoxon.gov.uk/ccm/support/Main.jsp?MODULE=ApplicationDetails&REF=P25/S1461/FUL","approved","Watlington And District Nursing Home Hill Road Watlington OX49 5AE","OX49 5AE",51.640548,-0.996914,NA,NA,NA,51.640548,-0.996914,c(-0.996914, 51.640548)
